dette_2014,Pop2014,partis.2014_Indefini,partis.2014_Gauche,partis.2014_Droite,partis.2014_Centre
,16717.0,1,0,0,0
,21263.0,1,0,0,0
,35077.0,1,0,0,0
,26796.0,1,0,0,0
,60030.0,1,0,0,0
,43134.0,1,0,0,0
,55486.0,1,0,0,0
,38257.0,1,0,0,0
,59389.0,1,0,0,0
,92228.0,1,0,0,0
,151542.0,1,0,0,0
,143922.0,1,0,0,0
,182318.0,1,0,0,0
,141230.0,1,0,0,0
,235366.0,1,0,0,0
,165745.0,1,0,0,0
,170186.0,1,0,0,0
,199135.0,1,0,0,0
,187156.0,1,0,0,0
,195468.0,1,0,0,0
135000.0,674.0,1,0,0,0
864000.0,1225.0,0,0,1,0
3000.0,282.0,1,0,0,0
2000.0,848.0,1,0,0,0
234000.0,1164.0,0,0,1,0
192000.0,690.0,1,0,0,0
0.0,563.0,1,0,0,0
896000.0,5605.0,0,0,1,0
766000.0,1180.0,0,0,0,1
2077000.0,2729.0,0,0,1,0
1000.0,545.0,0,0,0,1
3685000.0,2231.0,0,1,0,0
202000.0,329.0,1,0,0,0
3303000.0,4450.0,0,0,1,0
148000.0,602.0,1,0,0,0
4856000.0,6200.0,0,1,0,0
0.0,725.0,0,1,0,0
12841000.0,25096.0,0,1,0,0
608000.0,1139.0,0,0,1,0
52000.0,633.0,1,0,0,0
74143000.0,53708.0,0,0,1,0
4130000.0,3995.0,0,0,0,1
3987000.0,3329.0,0,1,0,0
12811000.0,22110.0,0,0,1,0
835000.0,790.0,0,1,0,0
3000.0,614.0,1,0,0,0
7000.0,245.0,1,0,0,0
240000.0,2008.0,0,0,1,0
427000.0,592.0,1,0,0,0
6914000.0,7532.0,0,0,1,0
223000.0,605.0,1,0,0,0
0.0,475.0,1,0,0,0
4998000.0,2801.0,0,0,1,0
18310000.0,14637.0,0,0,1,0
573000.0,1144.0,0,0,1,0
36000.0,715.0,1,0,0,0
0.0,158.0,1,0,0,0
6731000.0,8578.0,0,0,1,0
851000.0,1413.0,0,0,1,0
1094000.0,2415.0,0,0,1,0
218000.0,1153.0,0,0,1,0
779000.0,2556.0,0,0,1,0
384000.0,923.0,1,0,0,0
1671000.0,4152.0,0,0,1,0
1790000.0,7387.0,0,0,1,0
3533000.0,12131.0,0,1,0,0
1408000.0,1947.0,0,1,0,0
15418000.0,13833.0,0,1,0,0
234000.0,1094.0,0,0,1,0
257000.0,787.0,1,0,0,0
0.0,350.0,0,0,1,0
722000.0,8297.0,0,0,1,0
209000.0,471.0,0,0,1,0
293000.0,1207.0,0,0,1,0
324000.0,495.0,1,0,0,0
3000.0,906.0,1,0,0,0
21000.0,897.0,1,0,0,0
22381000.0,17606.0,0,1,0,0
1000.0,345.0,0,0,1,0
252000.0,534.0,1,0,0,0
22273000.0,9741.0,0,0,1,0
3448000.0,1693.0,0,0,1,0
1353000.0,1457.0,0,0,1,0
3317000.0,2990.0,0,0,1,0
709000.0,5846.0,0,1,0,0
6727000.0,5799.0,0,0,1,0
86000.0,462.0,1,0,0,0
2938000.0,2990.0,0,1,0,0
13398000.0,15523.0,0,1,0,0
0.0,1854.0,0,0,1,0
76000.0,354.0,1,0,0,0
686000.0,2126.0,0,0,1,0
280000.0,865.0,0,0,0,1
3620000.0,6543.0,0,1,0,0
36101000.0,20196.0,0,0,1,0
87000.0,495.0,1,0,0,0
1524000.0,1422.0,0,0,1,0
1489000.0,2862.0,0,0,0,1
41619000.0,38135.0,0,1,0,0
1288000.0,2103.0,0,1,0,0
362000.0,802.0,1,0,0,0
3931000.0,5132.0,0,1,0,0
2829000.0,2230.0,0,0,0,1
12605000.0,22954.0,0,0,1,0
4631000.0,2864.0,0,0,1,0
164000.0,124.0,1,0,0,0
457000.0,706.0,1,0,0,0
1006000.0,1937.0,0,1,0,0
18774000.0,13974.0,0,0,1,0
1858000.0,2813.0,0,1,0,0
11837000.0,5514.0,0,0,1,0
323000.0,986.0,1,0,0,0
1051000.0,1116.0,0,0,1,0
169000.0,895.0,1,0,0,0
589000.0,1046.0,0,0,1,0
865000.0,2093.0,0,0,1,0
3969000.0,2332.0,0,0,1,0
1286000.0,1908.0,0,0,1,0
4167000.0,3154.0,0,1,0,0
121000.0,54.0,1,0,0,0
1361000.0,2021.0,0,1,0,0
339000.0,818.0,1,0,0,0
4761000.0,5450.0,1,0,0,0
988000.0,1493.0,0,0,1,0
1486000.0,3493.0,0,0,1,0
6525000.0,9301.0,1,0,0,0
24440000.0,23609.0,0,1,0,0
367000.0,1200.0,0,0,1,0
16156000.0,13394.0,0,0,1,0
337000.0,915.0,1,0,0,0
555000.0,884.0,1,0,0,0
5280000.0,4817.0,0,1,0,0
5478000.0,2689.0,0,1,0,0
1000.0,187.0,1,0,0,0
132000.0,477.0,1,0,0,0
0.0,602.0,0,0,1,0
3070000.0,867.0,0,0,1,0
18586000.0,25888.0,0,0,1,0
0.0,221.0,0,0,0,1
2000.0,306.0,1,0,0,0
5763000.0,2664.0,0,0,1,0
2030000.0,3380.0,0,1,0,0
37564000.0,20923.0,0,0,1,0
182000.0,1122.0,0,0,1,0
102000.0,646.0,1,0,0,0
570000.0,1152.0,0,0,1,0
224000.0,3866.0,0,0,1,0
5575000.0,14081.0,0,0,1,0
5087000.0,8848.0,0,0,1,0
4066000.0,5660.0,0,0,1,0
161000.0,1939.0,1,0,0,0
16855000.0,15343.0,0,0,0,1
7795000.0,15252.0,0,0,1,0
143000.0,840.0,1,0,0,0
6505000.0,21275.0,0,0,1,0
5040000.0,10204.0,0,0,1,0
694000.0,1375.0,0,0,1,0
17726000.0,30876.0,0,0,1,0
1037000.0,1836.0,0,0,1,0
0.0,539.0,1,0,0,0
125000.0,822.0,1,0,0,0
15629000.0,17668.0,0,0,1,0
48288000.0,34876.0,0,0,1,0
142000.0,444.0,1,0,0,0
1430000.0,1567.0,1,0,0,0
1047000.0,9936.0,0,0,1,0
107000.0,1110.0,0,1,0,0
177000.0,311.0,1,0,0,0
3785000.0,4076.0,1,0,0,0
6994000.0,25958.0,0,0,1,0
1658000.0,6474.0,0,0,1,0
6687000.0,6807.0,0,0,1,0
6656000.0,4743.0,0,0,1,0
0.0,789.0,0,1,0,0
121000.0,588.0,1,0,0,0
1762000.0,2312.0,0,0,1,0
16510000.0,13222.0,0,0,1,0
3961000.0,4016.0,0,0,1,0
2626000.0,4281.0,0,0,1,0
336000.0,2414.0,0,0,1,0
1114000.0,2365.0,0,0,1,0
712000.0,1280.0,1,0,0,0
1000.0,1082.0,1,0,0,0
9531000.0,27328.0,0,1,0,0
0.0,178.0,1,0,0,0
11791000.0,32481.0,0,0,1,0
866000.0,5278.0,0,0,1,0
1568000.0,8309.0,0,0,1,0
3121000.0,3820.0,0,1,0,0
161000.0,1448.0,1,0,0,0
10944000.0,7059.0,0,0,1,0
1522000.0,9136.0,0,1,0,0
2870000.0,23705.0,0,0,1,0
16241000.0,19858.0,0,0,1,0
1688000.0,3562.0,0,0,1,0
312000.0,1745.0,0,0,0,1
3381000.0,16331.0,0,0,1,0
4366000.0,5743.0,0,0,1,0
1433000.0,4402.0,0,1,0,0
6325000.0,18769.0,0,0,1,0
38000.0,216.0,1,0,0,0
268000.0,1702.0,0,0,1,0
3391000.0,3647.0,0,0,1,0
1166000.0,15126.0,0,0,1,0
2303000.0,33252.0,0,0,1,0
88651000.0,31647.0,0,1,0,0
4657000.0,6016.0,0,0,1,0
4935000.0,16328.0,0,0,1,0
54154000.0,31753.0,0,0,1,0
31012000.0,36994.0,0,0,1,0
584000.0,620.0,1,0,0,0
906000.0,3031.0,0,0,1,0
1618000.0,5413.0,0,0,1,0
816000.0,2183.0,1,0,0,0
3000.0,112.0,0,0,0,1
519000.0,1548.0,0,0,1,0
109000.0,3199.0,0,0,1,0
132000.0,366.0,1,0,0,0
10122000.0,5842.0,0,0,1,0
2737000.0,18344.0,0,0,1,0
870000.0,1850.0,0,0,1,0
23671000.0,39540.0,0,0,1,0
925000.0,1422.0,0,0,1,0
2474000.0,4972.0,0,0,1,0
7420000.0,7678.0,0,0,1,0
32104000.0,51747.0,0,0,1,0
351000.0,915.0,1,0,0,0
289000.0,982.0,1,0,0,0
1041000.0,1102.0,1,0,0,0
3058000.0,1334.0,0,0,1,0
33994000.0,31854.0,0,1,0,0
6614000.0,11973.0,0,0,1,0
13787000.0,20654.0,0,0,1,0
4792000.0,15024.0,0,0,1,0
4321000.0,9912.0,0,0,1,0
2000.0,5995.0,0,1,0,0
52071000.0,85461.0,0,0,1,0
15425000.0,15929.0,0,0,1,0
4158000.0,5175.0,0,0,1,0
5166000.0,15472.0,0,0,1,0
1577000.0,11358.0,0,0,1,0
822000.0,4183.0,0,0,0,1
3667000.0,10582.0,0,1,0,0
25345000.0,31434.0,1,0,0,0
5228000.0,7509.0,0,0,0,1
5821000.0,4499.0,0,0,1,0
66000.0,591.0,1,0,0,0
299000.0,680.0,0,0,0,1
1442000.0,3750.0,0,0,1,0
6983000.0,9132.0,0,0,1,0
891000.0,2202.0,0,0,1,0
2616000.0,6928.0,0,1,0,0
2261000.0,2993.0,0,0,1,0
11000.0,645.0,1,0,0,0
28511000.0,25742.0,0,0,1,0
3079000.0,3376.0,0,0,1,0
3892000.0,9708.0,0,0,0,1
388000.0,1148.0,0,0,1,0
586000.0,1751.0,0,0,1,0
17583000.0,20018.0,0,0,1,0
106049000.0,49373.0,0,0,1,0
953000.0,4792.0,0,0,1,0
39161000.0,13265.0,0,0,1,0
7470000.0,9048.0,0,0,1,0
14048000.0,29132.0,0,0,1,0
2131000.0,5574.0,0,0,1,0
12355000.0,12526.0,0,0,1,0
72614000.0,53699.0,0,1,0,0
1064000.0,782.0,1,0,0,0
647000.0,1444.0,0,0,1,0
31870000.0,28295.0,0,1,0,0
4599000.0,10058.0,0,0,1,0
4895000.0,6673.0,0,0,1,0
181000.0,637.0,1,0,0,0
16044000.0,16160.0,0,0,1,0
5687000.0,5524.0,0,0,1,0
538000.0,1442.0,0,0,1,0
1319000.0,7650.0,0,0,1,0
19862000.0,21725.0,0,0,1,0
9371000.0,6503.0,0,0,1,0
10817000.0,8127.0,0,1,0,0
66022000.0,48372.0,0,0,1,0
1011000.0,3160.0,0,0,0,1
25000.0,586.0,1,0,0,0
1000.0,204.0,1,0,0,0
875000.0,2042.0,0,1,0,0
217000.0,708.0,1,0,0,0
59000.0,400.0,1,0,0,0
22611000.0,23617.0,0,0,1,0
25511000.0,12583.0,0,1,0,0
23289000.0,21428.0,0,1,0,0
1851000.0,4735.0,0,1,0,0
361000.0,1010.0,0,0,1,0
1671000.0,1988.0,0,0,1,0
33293000.0,32461.0,0,0,1,0
145000.0,316.0,1,0,0,0
41844000.0,27304.0,0,1,0,0
1133000.0,694.0,1,0,0,0
13258000.0,9956.0,0,0,1,0
10427000.0,19896.0,0,0,1,0
2055000.0,10151.0,0,0,1,0
0.0,328.0,0,0,1,0
580000.0,3062.0,0,0,1,0
5000.0,887.0,0,0,0,1
36277000.0,37045.0,0,0,1,0
1275000.0,1652.0,0,0,1,0
317000.0,1334.0,0,0,0,1
404000.0,6944.0,0,0,0,1
0.0,402.0,1,0,0,0
87000.0,231.0,1,0,0,0
1344000.0,3346.0,0,1,0,0
3322000.0,2331.0,0,0,0,1
12001000.0,15711.0,0,0,1,0
2220000.0,2454.0,1,0,0,0
458000.0,2782.0,0,0,1,0
41000.0,610.0,1,0,0,0
26631000.0,31074.0,0,0,1,0
14740000.0,7294.0,0,0,1,0
1351000.0,2290.0,0,0,1,0
1548000.0,6865.0,0,0,1,0
6125000.0,4329.0,0,0,1,0
36773000.0,31350.0,0,0,1,0
10799000.0,7661.0,0,0,1,0
26979000.0,28934.0,0,0,1,0
15049000.0,24488.0,0,0,0,1
73912000.0,116927.0,0,0,1,0
140569000.0,59783.0,0,1,0,0
145850000.0,93509.0,0,1,0,0
28000.0,7378.0,0,0,0,1
116261000.0,61603.0,0,0,1,0
169535000.0,86799.0,0,0,1,0
64767000.0,38817.0,0,1,0,0
32547000.0,28514.0,0,0,1,0
28967000.0,19881.0,0,0,1,0
90546000.0,33067.0,0,0,1,0
67057000.0,37089.0,0,0,1,0
16448000.0,19619.0,0,0,1,0
61838000.0,52457.0,0,0,1,0
124170000.0,84392.0,0,0,1,0
150102000.0,84658.0,0,0,1,0
21562000.0,22946.0,0,0,1,0
6653000.0,17662.0,0,0,1,0
5472000.0,29072.0,0,0,1,0
83741000.0,43376.0,0,1,0,0
797000.0,67360.0,0,0,1,0
544307000.0,65374.0,0,0,1,0
36262000.0,30428.0,0,1,0,0
1342000.0,1712.0,0,0,1,0
38091000.0,45507.0,0,0,1,0
39832000.0,48954.0,0,0,1,0
24798000.0,62075.0,0,0,1,0
79478000.0,28911.0,0,0,1,0
907000.0,44506.0,0,1,0,0
152600000.0,79204.0,0,0,1,0
29944000.0,29360.0,0,0,1,0
55182000.0,19520.0,0,0,1,0
16472000.0,23206.0,0,0,1,0
91103000.0,48526.0,0,0,1,0
30400000.0,27783.0,0,0,1,0
5426000.0,8747.0,0,0,1,0
6344000.0,11419.0,0,0,0,1
51290000.0,25007.0,0,0,1,0
158939000.0,80273.0,0,1,0,0
111735000.0,82314.0,0,0,1,0
113330000.0,36010.0,0,1,0,0
87561000.0,54227.0,0,0,1,0
106356000.0,50479.0,0,0,1,0
99203000.0,53074.0,0,1,0,0
18256000.0,16028.0,0,0,1,0
30364000.0,29933.0,0,1,0,0
3379000.0,4751.0,0,0,1,0
44077000.0,40874.0,0,1,0,0
95184000.0,68955.0,0,0,1,0
9732000.0,10420.0,0,0,1,0
46357000.0,55157.0,0,0,0,1
27314000.0,39195.0,0,0,1,0
7754000.0,6805.0,0,0,1,0
6419000.0,7293.0,0,1,0,0
28693000.0,22762.0,0,1,0,0
25148000.0,43798.0,0,0,1,0
24706000.0,25745.0,0,0,1,0
198426000.0,104748.0,0,1,0,0
15780000.0,21005.0,0,0,1,0
5794000.0,34955.0,0,1,0,0
146605000.0,64619.0,0,1,0,0
80748000.0,42607.0,0,0,1,0
105014000.0,54852.0,0,1,0,0
11263000.0,23135.0,0,0,1,0
45771000.0,29324.0,0,1,0,0
4815000.0,17554.0,0,1,0,0
5115000.0,14400.0,0,0,1,0
43904000.0,25631.0,0,1,0,0
53386000.0,44448.0,0,0,1,0
103267000.0,110733.0,0,1,0,0
169802000.0,47432.0,0,0,1,0
111327000.0,50077.0,0,1,0,0
52887000.0,38022.0,0,1,0,0
1303000.0,34704.0,0,1,0,0
2164000.0,6867.0,0,0,1,0
785000.0,29500.0,0,0,1,0
23535000.0,35864.0,0,0,1,0
12755000.0,12458.0,0,1,0,0
4203000.0,5449.0,0,0,1,0
71272000.0,45043.0,0,1,0,0
19889000.0,20911.0,0,1,0,0
15574000.0,16098.0,0,1,0,0
38042000.0,16940.0,1,0,0,0
10215000.0,16542.0,0,0,1,0
44943000.0,29932.0,1,0,0,0
121430000.0,76450.0,0,1,0,0
9158000.0,30774.0,0,0,1,0
12254000.0,18078.0,1,0,0,0
30179000.0,19151.0,0,1,0,0
42952000.0,43405.0,0,1,0,0
144189000.0,91042.0,0,1,0,0
103671000.0,53272.0,0,1,0,0
28677000.0,26808.0,0,1,0,0
39636000.0,16358.0,0,1,0,0
41774000.0,30772.0,0,0,1,0
105783000.0,59793.0,0,1,0,0
7774000.0,18410.0,0,0,1,0
26699000.0,25661.0,0,1,0,0
27888000.0,24927.0,0,0,1,0
43383000.0,54841.0,0,0,1,0
20099000.0,31292.0,0,0,1,0
4082000.0,4671.0,0,0,1,0
47544000.0,22603.0,0,1,0,0
10852000.0,10089.0,0,0,1,0
1621000.0,2545.0,0,0,1,0
15418000.0,33720.0,0,0,1,0
29942000.0,19732.0,0,0,0,1
10549000.0,11888.0,0,0,1,0
0.0,5651.0,0,0,1,0
19020000.0,22275.0,0,0,1,0
215537000.0,75285.0,0,0,1,0
772000.0,14874.0,0,0,1,0
42579000.0,25853.0,0,0,1,0
56327000.0,28812.0,0,0,1,0
20485000.0,13346.0,0,1,0,0
4455000.0,9641.0,1,0,0,0
109593000.0,57781.0,0,0,1,0
13821000.0,19870.0,0,0,1,0
37843000.0,32976.0,1,0,0,0
72779000.0,28278.0,0,0,1,0
48912000.0,49136.0,0,0,1,0
130427000.0,91188.0,0,1,0,0
300835000.0,108865.0,0,0,1,0
6874000.0,6943.0,0,0,1,0
20727000.0,8733.0,0,0,0,1
4499000.0,9663.0,0,0,1,0
143000.0,74.0,0,0,1,0
15493000.0,23818.0,0,0,1,0
23572000.0,21963.0,0,0,1,0
16904000.0,15240.0,0,0,1,0
3388000.0,7230.0,0,1,0,0
10000.0,116.0,0,0,1,0
9566000.0,28925.0,0,0,1,0
3266000.0,9561.0,0,0,1,0
33444000.0,34014.0,0,0,1,0
64000.0,474.0,1,0,0,0
2515000.0,4625.0,0,0,1,0
35229000.0,41962.0,0,0,1,0
7541000.0,8654.0,0,0,1,0
45306000.0,27692.0,0,0,1,0
8756000.0,11804.0,0,0,1,0
7349000.0,16098.0,0,0,1,0
558000.0,393.0,1,0,0,0
1145000.0,5428.0,0,1,0,0
16421000.0,9233.0,0,0,1,0
17140000.0,21116.0,0,1,0,0
17952000.0,13757.0,0,0,1,0
20429000.0,20866.0,0,0,1,0
185000.0,2022.0,0,0,1,0
207000.0,673.0,0,0,1,0
0.0,310.0,1,0,0,0
13657000.0,17090.0,0,0,1,0
11433000.0,12444.0,0,0,1,0
4296000.0,8155.0,0,1,0,0
11159000.0,14795.0,0,0,1,0
18019000.0,20996.0,0,0,1,0
17153000.0,15072.0,0,0,1,0
3746000.0,24439.0,0,1,0,0
6309000.0,7181.0,0,0,1,0
35377000.0,26826.0,0,0,1,0
88118000.0,56828.0,0,1,0,0
11692000.0,18092.0,0,0,1,0
3394000.0,4106.0,0,0,1,0
19507000.0,25875.0,0,0,1,0
3578000.0,4154.0,0,1,0,0
13925000.0,15853.0,0,1,0,0
278000.0,503.0,0,0,1,0
28516000.0,27571.0,0,1,0,0
233000.0,246.0,0,0,1,0
5386000.0,6582.0,0,1,0,0
31935000.0,28431.0,0,1,0,0
4041000.0,6177.0,0,1,0,0
202000.0,319.0,1,0,0,0
2768000.0,4157.0,0,1,0,0
28507000.0,62979.0,0,1,0,0
3908000.0,4821.0,0,0,1,0
1000.0,608.0,1,0,0,0
821000.0,1291.0,1,0,0,0
437000.0,291.0,1,0,0,0
13342000.0,24393.0,0,0,1,0
8191000.0,11188.0,0,0,1,0
12329000.0,16496.0,0,0,1,0
2122000.0,3163.0,0,0,1,0
24000.0,205.0,1,0,0,0
1439000.0,1725.0,0,0,1,0
361000.0,693.0,1,0,0,0
2726000.0,2914.0,0,0,1,0
4669000.0,5630.0,0,1,0,0
4044000.0,4957.0,0,0,1,0
1668000.0,2710.0,0,0,1,0
228000.0,431.0,1,0,0,0
1000.0,1780.0,0,0,0,1
152000.0,806.0,1,0,0,0
3663000.0,5595.0,0,0,1,0
266000.0,446.0,1,0,0,0
11605000.0,2854.0,0,0,1,0
191000.0,636.0,0,0,1,0
396000.0,1204.0,0,1,0,0
665000.0,838.0,1,0,0,0
,,1,0,0,0
28215000.0,21302.0,0,0,1,0
48124000.0,31442.0,0,1,0,0
74179000.0,44985.0,0,0,1,0
27383000.0,28590.0,0,0,1,0
53049000.0,25910.0,0,0,1,0
18226000.0,29766.0,0,0,1,0
20396000.0,11736.0,0,0,1,0
27896000.0,25755.0,0,0,1,0
25472000.0,16385.0,0,1,0,0
51810000.0,24503.0,0,0,1,0
7138000.0,6683.0,0,0,1,0
19613000.0,26104.0,0,0,1,0
98369000.0,40011.0,0,0,1,0
61238000.0,53526.0,0,0,1,0
14982000.0,16563.0,0,1,0,0
23723000.0,21605.0,0,0,1,0
32620000.0,26020.0,0,1,0,0
1602000.0,8603.0,0,0,1,0
6031000.0,10024.0,0,0,1,0
0.0,5961.0,0,1,0,0
15622000.0,13052.0,0,0,1,0
8173000.0,9805.0,0,0,1,0
748000.0,2442.0,0,0,0,1
1130000.0,1789.0,0,1,0,0
12192000.0,10884.0,0,1,0,0
14685000.0,9554.0,0,1,0,0
10306000.0,8549.0,0,1,0,0
26986000.0,21129.0,0,0,1,0
0.0,2747.0,0,0,1,0
2758000.0,8630.0,0,1,0,0
1261000.0,2472.0,0,0,1,0
8506000.0,11470.0,0,0,1,0
30497000.0,20766.0,0,0,1,0
14933000.0,13659.0,0,0,1,0
29161000.0,10371.0,0,0,1,0
2104000.0,4492.0,0,0,1,0
7244000.0,13930.0,0,0,1,0
14236000.0,9612.0,0,0,1,0
14767000.0,14889.0,0,0,1,0
14176000.0,16144.0,0,1,0,0
17493000.0,30172.0,1,0,0,0
4139000.0,10136.0,1,0,0,0
93000.0,428.0,1,0,0,0
417000.0,3277.0,0,0,1,0
31569000.0,19675.0,0,1,0,0
12412000.0,18339.0,0,0,1,0
6769000.0,10507.0,0,1,0,0
43650000.0,35877.0,0,1,0,0
6502000.0,8868.0,0,0,1,0
2995000.0,5709.0,0,0,1,0
454000.0,356.0,1,0,0,0
4667000.0,4332.0,0,0,1,0
778000.0,1156.0,0,0,1,0
2000.0,394.0,1,0,0,0
75000.0,1040.0,1,0,0,0
36000.0,217.0,1,0,0,0
204000.0,545.0,0,0,1,0
106000.0,886.0,1,0,0,0
317000.0,579.0,0,0,0,1
37000.0,148.0,1,0,0,0
1669000.0,2815.0,0,0,1,0
249000.0,132.0,1,0,0,0
1000.0,157.0,1,0,0,0
2247000.0,1873.0,0,0,1,0
706000.0,395.0,1,0,0,0
213000.0,996.0,1,0,0,0
572000.0,679.0,1,0,0,0
1313000.0,1137.0,0,0,1,0
0.0,66.0,1,0,0,0
4709000.0,6978.0,0,0,1,0
309000.0,680.0,0,0,0,1
32000.0,512.0,1,0,0,0
421000.0,614.0,1,0,0,0
0.0,322.0,1,0,0,0
844000.0,551.0,1,0,0,0
324000.0,937.0,1,0,0,0
1122000.0,2131.0,0,0,1,0
642000.0,620.0,1,0,0,0
3828000.0,2059.0,0,0,1,0
384000.0,438.0,1,0,0,0
952000.0,257.0,1,0,0,0
234000.0,945.0,1,0,0,0
3596000.0,3464.0,0,0,1,0
1840000.0,4262.0,0,1,0,0
166000.0,843.0,1,0,0,0
75000.0,420.0,1,0,0,0
9000.0,556.0,1,0,0,0
204000.0,607.0,1,0,0,0
221000.0,815.0,0,0,0,1
0.0,1653.0,0,0,1,0
106000.0,1939.0,0,0,1,0
287000.0,1507.0,0,0,1,0
0.0,497.0,1,0,0,0
251000.0,749.0,0,0,0,1
0.0,358.0,1,0,0,0
546000.0,872.0,0,0,0,1
397000.0,1404.0,0,0,1,0
304000.0,405.0,0,0,0,1
1612000.0,6331.0,0,0,1,0
179000.0,873.0,1,0,0,0
5220000.0,9241.0,0,0,1,0
1172000.0,1997.0,1,0,0,0
0.0,245.0,1,0,0,0
33000.0,262.0,1,0,0,0
56000.0,599.0,1,0,0,0
101000.0,939.0,1,0,0,0
27000.0,406.0,1,0,0,0
663000.0,523.0,1,0,0,0
2000.0,333.0,1,0,0,0
69000.0,267.0,0,0,0,1
3379000.0,2965.0,0,0,1,0
2211000.0,2714.0,0,0,1,0
3000.0,676.0,0,0,1,0
0.0,97.0,1,0,0,0
1038000.0,3134.0,0,0,1,0
17000.0,858.0,1,0,0,0
450000.0,1118.0,1,0,0,0
4529000.0,7617.0,0,0,1,0
254000.0,1093.0,1,0,0,0
625000.0,2316.0,1,0,0,0
298000.0,899.0,1,0,0,0
141000.0,337.0,0,0,1,0
355000.0,754.0,1,0,0,0
128000.0,357.0,1,0,0,0
36000.0,254.0,1,0,0,0
81000.0,626.0,1,0,0,0
1555000.0,6734.0,0,1,0,0
406000.0,973.0,1,0,0,0
119000.0,244.0,1,0,0,0
392000.0,825.0,1,0,0,0
376000.0,906.0,1,0,0,0
9000.0,903.0,1,0,0,0
0.0,410.0,0,0,1,0
42000.0,382.0,1,0,0,0
3933000.0,6077.0,0,1,0,0
108000.0,494.0,1,0,0,0
695000.0,344.0,1,0,0,0
36000.0,444.0,1,0,0,0
872000.0,448.0,0,0,1,0
117000.0,645.0,1,0,0,0
26000.0,318.0,1,0,0,0
12000.0,986.0,0,0,0,1
300000.0,915.0,1,0,0,0
322000.0,1430.0,0,0,1,0
56000.0,516.0,1,0,0,0
1001000.0,2337.0,1,0,0,0
183000.0,669.0,1,0,0,0
122000.0,1624.0,0,0,1,0
64000.0,1039.0,0,0,1,0
0.0,33.0,1,0,0,0
13000.0,120.0,1,0,0,0
134000.0,542.0,1,0,0,0
766000.0,1166.0,0,0,1,0
948000.0,917.0,1,0,0,0
699000.0,4715.0,0,0,0,1
418000.0,821.0,1,0,0,0
140000.0,358.0,1,0,0,0
96000.0,726.0,1,0,0,0
5000.0,601.0,1,0,0,0
88000.0,529.0,1,0,0,0
263000.0,695.0,1,0,0,0
475000.0,1177.0,0,0,1,0
0.0,808.0,1,0,0,0
1000.0,376.0,1,0,0,0
0.0,285.0,1,0,0,0
3811000.0,3247.0,0,0,1,0
480000.0,1044.0,0,1,0,0
58000.0,392.0,1,0,0,0
266000.0,1301.0,0,0,1,0
32000.0,122.0,1,0,0,0
330000.0,899.0,0,0,1,0
0.0,529.0,1,0,0,0
46000.0,305.0,1,0,0,0
2000.0,370.0,1,0,0,0
0.0,98.0,1,0,0,0
64000.0,1688.0,0,1,0,0
0.0,326.0,1,0,0,0
16000.0,153.0,1,0,0,0
64000.0,415.0,1,0,0,0
347000.0,739.0,1,0,0,0
720000.0,202.0,0,0,1,0
114000.0,781.0,1,0,0,0
268000.0,838.0,1,0,0,0
418000.0,877.0,1,0,0,0
0.0,133.0,1,0,0,0
8000.0,427.0,1,0,0,0
1236000.0,3775.0,0,0,1,0
0.0,303.0,1,0,0,0
359000.0,3115.0,0,0,1,0
0.0,384.0,1,0,0,0
498000.0,890.0,1,0,0,0
420000.0,1481.0,0,0,1,0
302000.0,787.0,1,0,0,0
45000.0,521.0,1,0,0,0
74000.0,708.0,0,0,1,0
2040000.0,2534.0,0,1,0,0
0.0,453.0,0,0,1,0
134000.0,1156.0,0,0,1,0
0.0,318.0,1,0,0,0
567000.0,2005.0,0,0,1,0
410000.0,1425.0,0,0,1,0
71000.0,917.0,1,0,0,0
0.0,721.0,1,0,0,0
528000.0,1278.0,0,1,0,0
1000.0,754.0,1,0,0,0
3000.0,956.0,1,0,0,0
98000.0,197.0,1,0,0,0
409000.0,1465.0,0,0,1,0
161000.0,158.0,1,0,0,0
325000.0,2504.0,0,0,1,0
219000.0,983.0,1,0,0,0
30000.0,236.0,1,0,0,0
393000.0,398.0,1,0,0,0
140000.0,430.0,1,0,0,0
610000.0,257.0,1,0,0,0
1699000.0,1246.0,0,0,1,0
2303000.0,2596.0,0,0,1,0
0.0,301.0,1,0,0,0
1000.0,354.0,1,0,0,0
880000.0,3124.0,0,0,1,0
652000.0,4436.0,0,0,1,0
130000.0,994.0,1,0,0,0
103000.0,170.0,1,0,0,0
0.0,219.0,1,0,0,0
0.0,1021.0,0,0,1,0
5866000.0,2996.0,0,1,0,0
713000.0,1348.0,0,0,1,0
138000.0,311.0,1,0,0,0
4183000.0,4842.0,0,0,1,0
50000.0,226.0,1,0,0,0
790000.0,1103.0,0,0,1,0
52000.0,517.0,1,0,0,0
798000.0,1395.0,0,0,1,0
444000.0,839.0,1,0,0,0
26000.0,273.0,1,0,0,0
434000.0,641.0,1,0,0,0
2351000.0,1724.0,0,0,1,0
1333000.0,2059.0,0,0,1,0
969000.0,2181.0,0,0,0,1
3987000.0,2815.0,0,0,1,0
21000.0,159.0,1,0,0,0
1695000.0,1453.0,1,0,0,0
1000.0,202.0,0,0,1,0
412000.0,518.0,1,0,0,0
1530000.0,6664.0,0,0,1,0
137000.0,292.0,1,0,0,0
3308000.0,4270.0,0,0,1,0
2228000.0,4715.0,0,1,0,0
254000.0,390.0,1,0,0,0
403000.0,659.0,1,0,0,0
0.0,672.0,1,0,0,0
708000.0,1904.0,0,0,1,0
2000.0,223.0,1,0,0,0
183000.0,430.0,1,0,0,0
1627000.0,3247.0,0,0,1,0
12000.0,847.0,1,0,0,0
163000.0,295.0,1,0,0,0
1861000.0,2923.0,0,1,0,0
529000.0,813.0,1,0,0,0
460000.0,994.0,0,1,0,0
86000.0,552.0,1,0,0,0
1705000.0,0.0,0,1,0,0
1298000.0,2168.0,0,0,1,0
209000.0,0.0,1,0,0,0
6696000.0,6224.0,0,0,1,0
149000.0,869.0,1,0,0,0
7567000.0,2671.0,0,0,1,0
884000.0,1096.0,0,1,0,0
340000.0,582.0,1,0,0,0
6230000.0,4786.0,0,0,1,0
572000.0,660.0,1,0,0,0
73000.0,597.0,1,0,0,0
38000.0,231.0,1,0,0,0
619000.0,1080.0,0,0,1,0
5442000.0,5362.0,0,1,0,0
65000.0,238.0,1,0,0,0
579000.0,584.0,1,0,0,0
2283000.0,758.0,1,0,0,0
0.0,166.0,1,0,0,0
476000.0,217.0,1,0,0,0
61000.0,109.0,1,0,0,0
248000.0,711.0,1,0,0,0
0.0,1331.0,0,0,1,0
0.0,206.0,1,0,0,0
0.0,147.0,0,0,0,1
31000.0,158.0,1,0,0,0
8000.0,1459.0,1,0,0,0
756000.0,1137.0,0,0,1,0
255000.0,2739.0,1,0,0,0
862000.0,1015.0,0,0,1,0
0.0,148.0,1,0,0,0
565000.0,883.0,0,0,1,0
173000.0,107.0,1,0,0,0
1145000.0,2303.0,0,0,1,0
129000.0,280.0,1,0,0,0
1305000.0,3456.0,0,0,1,0
34000.0,574.0,1,0,0,0
121000.0,650.0,1,0,0,0
55000.0,251.0,1,0,0,0
131000.0,191.0,1,0,0,0
5000.0,793.0,1,0,0,0
52000.0,581.0,1,0,0,0
0.0,259.0,1,0,0,0
150000.0,376.0,1,0,0,0
357000.0,1570.0,0,0,1,0
916000.0,2114.0,0,0,1,0
0.0,539.0,1,0,0,0
370000.0,463.0,1,0,0,0
128000.0,482.0,1,0,0,0
2000.0,697.0,1,0,0,0
209000.0,456.0,1,0,0,0
253000.0,1316.0,0,0,1,0
14000.0,186.0,1,0,0,0
26000.0,1811.0,0,1,0,0
43000.0,504.0,1,0,0,0
0.0,241.0,1,0,0,0
413000.0,1538.0,0,1,0,0
713000.0,1707.0,0,0,1,0
672000.0,867.0,0,0,1,0
5000.0,125.0,1,0,0,0
190000.0,891.0,0,0,1,0
0.0,152.0,1,0,0,0
2631000.0,2836.0,0,0,1,0
0.0,400.0,1,0,0,0
1068000.0,1671.0,0,0,1,0
4000.0,338.0,1,0,0,0
42000.0,249.0,1,0,0,0
3000.0,507.0,1,0,0,0
230000.0,656.0,1,0,0,0
102000.0,1111.0,0,1,0,0
420000.0,985.0,1,0,0,0
683000.0,1333.0,0,1,0,0
310000.0,358.0,1,0,0,0
0.0,476.0,1,0,0,0
0.0,0.0,1,0,0,0
659000.0,606.0,1,0,0,0
1019000.0,2019.0,0,1,0,0
53000.0,240.0,1,0,0,0
0.0,29.0,1,0,0,0
359000.0,724.0,1,0,0,0
0.0,300.0,1,0,0,0
609000.0,1322.0,0,0,1,0
796000.0,2716.0,0,0,1,0
238000.0,231.0,1,0,0,0
0.0,247.0,1,0,0,0
5207000.0,7555.0,0,0,1,0
2513000.0,4645.0,0,0,1,0
0.0,155.0,1,0,0,0
7294000.0,5228.0,0,0,1,0
36000.0,749.0,0,0,0,1
393000.0,1157.0,0,1,0,0
0.0,362.0,1,0,0,0
5000.0,445.0,1,0,0,0
1000.0,713.0,1,0,0,0
280000.0,277.0,1,0,0,0
85000.0,620.0,1,0,0,0
260000.0,601.0,1,0,0,0
5000.0,97.0,1,0,0,0
1000.0,448.0,1,0,0,0
173000.0,280.0,1,0,0,0
101000.0,1848.0,0,0,0,1
1000.0,435.0,1,0,0,0
2000.0,952.0,0,1,0,0
0.0,53.0,1,0,0,0
411000.0,843.0,0,0,0,1
393000.0,2097.0,0,0,1,0
88000.0,417.0,1,0,0,0
6000.0,275.0,1,0,0,0
160000.0,532.0,1,0,0,0
0.0,276.0,1,0,0,0
555000.0,512.0,1,0,0,0
151000.0,690.0,1,0,0,0
561000.0,824.0,1,0,0,0
1061000.0,2235.0,0,0,1,0
1690000.0,2800.0,0,0,1,0
0.0,317.0,1,0,0,0
453000.0,812.0,1,0,0,0
647000.0,710.0,1,0,0,0
413000.0,825.0,1,0,0,0
264000.0,791.0,1,0,0,0
2000.0,102.0,1,0,0,0
763000.0,1795.0,0,0,1,0
757000.0,705.0,1,0,0,0
34000.0,234.0,1,0,0,0
825000.0,1749.0,0,0,1,0
85000.0,343.0,1,0,0,0
80000.0,700.0,1,0,0,0
917000.0,1816.0,0,0,0,1
371000.0,935.0,0,0,1,0
0.0,410.0,1,0,0,0
77000.0,700.0,1,0,0,0
525000.0,505.0,1,0,0,0
351000.0,348.0,1,0,0,0
2165000.0,3558.0,0,0,1,0
0.0,465.0,1,0,0,0
1666000.0,1206.0,0,0,1,0
0.0,233.0,1,0,0,0
0.0,243.0,1,0,0,0
170000.0,888.0,1,0,0,0
2085000.0,3238.0,0,1,0,0
3901000.0,3834.0,0,0,1,0
24000.0,276.0,1,0,0,0
49000.0,690.0,1,0,0,0
1000.0,294.0,1,0,0,0
0.0,373.0,1,0,0,0
1382000.0,607.0,1,0,0,0
413000.0,852.0,0,0,0,1
121000.0,549.0,1,0,0,0
5726000.0,5973.0,0,1,0,0
1059000.0,1379.0,0,0,1,0
22000.0,348.0,1,0,0,0
7111000.0,3253.0,0,0,1,0
8393000.0,6335.0,0,0,1,0
0.0,336.0,1,0,0,0
258000.0,604.0,1,0,0,0
172000.0,452.0,1,0,0,0
18000.0,603.0,1,0,0,0
201000.0,1218.0,0,0,1,0
68000.0,1270.0,0,0,1,0
16000.0,366.0,0,1,0,0
0.0,288.0,1,0,0,0
148000.0,378.0,1,0,0,0
177000.0,228.0,1,0,0,0
2000.0,378.0,1,0,0,0
12000.0,455.0,1,0,0,0
176000.0,685.0,1,0,0,0
0.0,248.0,1,0,0,0
152000.0,833.0,1,0,0,0
0.0,162.0,1,0,0,0
142000.0,1904.0,0,0,1,0
118000.0,223.0,1,0,0,0
578000.0,763.0,0,0,1,0
49000.0,204.0,1,0,0,0
187000.0,749.0,0,0,0,1
121000.0,696.0,1,0,0,0
488000.0,3223.0,0,1,0,0
3805000.0,7156.0,0,1,0,0
128000.0,285.0,1,0,0,0
319000.0,707.0,1,0,0,0
159000.0,848.0,1,0,0,0
278000.0,408.0,1,0,0,0
120000.0,724.0,1,0,0,0
80000.0,480.0,1,0,0,0
302000.0,1845.0,0,0,1,0
1355000.0,661.0,0,0,1,0
342000.0,1152.0,0,0,1,0
2515000.0,4274.0,0,1,0,0
645000.0,717.0,0,1,0,0
160000.0,743.0,1,0,0,0
719000.0,2080.0,0,0,1,0
128000.0,1212.0,0,0,1,0
49000.0,745.0,1,0,0,0
770000.0,1922.0,0,0,1,0
0.0,270.0,1,0,0,0
263000.0,518.0,1,0,0,0
0.0,370.0,1,0,0,0
93000.0,610.0,0,1,0,0
338000.0,1104.0,0,0,1,0
293000.0,1539.0,0,0,1,0
451000.0,1761.0,0,0,1,0
1000.0,69.0,1,0,0,0
68000.0,762.0,0,0,0,1
614000.0,1237.0,1,0,0,0
110000.0,470.0,0,0,0,1
8811000.0,12117.0,0,0,1,0
470000.0,910.0,0,0,1,0
426000.0,1953.0,0,0,1,0
287000.0,470.0,0,0,1,0
87000.0,1448.0,1,0,0,0
0.0,569.0,0,0,0,1
69000.0,470.0,1,0,0,0
3366000.0,7567.0,0,0,1,0
329000.0,909.0,0,1,0,0
397000.0,315.0,1,0,0,0
546000.0,617.0,1,0,0,0
691000.0,282.0,1,0,0,0
415000.0,253.0,1,0,0,0
101000.0,761.0,1,0,0,0
188000.0,620.0,1,0,0,0
367000.0,606.0,1,0,0,0
0.0,1949.0,0,1,0,0
2427000.0,4575.0,0,1,0,0
2002000.0,2102.0,1,0,0,0
121000.0,511.0,1,0,0,0
521000.0,725.0,1,0,0,0
139000.0,1863.0,1,0,0,0
446000.0,1261.0,0,0,1,0
0.0,696.0,1,0,0,0
4049000.0,2930.0,0,0,1,0
336000.0,1614.0,0,0,1,0
8956000.0,5792.0,0,0,1,0
443000.0,1244.0,0,0,0,1
14000.0,301.0,0,0,0,1
1000.0,1638.0,0,0,1,0
100000.0,139.0,0,0,1,0
1000.0,350.0,1,0,0,0
1494000.0,1303.0,0,0,1,0
2898000.0,925.0,0,0,1,0
8615000.0,4178.0,0,0,1,0
804000.0,1304.0,0,0,1,0
0.0,121.0,1,0,0,0
340000.0,397.0,0,0,1,0
0.0,76.0,1,0,0,0
798000.0,1312.0,0,1,0,0
1000.0,625.0,0,0,0,1
215000.0,424.0,1,0,0,0
7659000.0,8419.0,0,0,1,0
629000.0,1250.0,0,1,0,0
552000.0,1185.0,0,0,0,1
2749000.0,3638.0,0,1,0,0
45000.0,142.0,1,0,0,0
134000.0,471.0,0,0,0,1
168000.0,1172.0,0,0,1,0
164000.0,425.0,1,0,0,0
1764000.0,2694.0,0,0,1,0
84000.0,379.0,0,0,1,0
0.0,57.0,0,0,1,0
1060000.0,1922.0,1,0,0,0
196000.0,1768.0,1,0,0,0
85000.0,342.0,0,0,1,0
105000.0,267.0,1,0,0,0
490000.0,603.0,1,0,0,0
173000.0,839.0,0,0,0,1
845000.0,1504.0,1,0,0,0
144000.0,779.0,1,0,0,0
8404000.0,10766.0,0,0,1,0
0.0,243.0,1,0,0,0
1530000.0,3281.0,0,0,1,0
5544000.0,6505.0,0,0,1,0
1734000.0,3939.0,0,0,0,1
3130000.0,9292.0,0,1,0,0
55000.0,245.0,1,0,0,0
831000.0,1972.0,0,0,1,0
589000.0,1275.0,0,0,1,0
233000.0,511.0,1,0,0,0
70000.0,164.0,0,0,1,0
3600000.0,3766.0,0,0,1,0
477000.0,2579.0,0,0,1,0
411000.0,1189.0,0,0,1,0
144000.0,722.0,0,1,0,0
454000.0,966.0,1,0,0,0
1622000.0,810.0,0,0,1,0
233000.0,1950.0,1,0,0,0
1351000.0,4281.0,0,1,0,0
9935000.0,6766.0,0,0,1,0
1177000.0,2726.0,0,0,1,0
0.0,211.0,1,0,0,0
4089000.0,5145.0,0,0,1,0
171000.0,273.0,0,0,1,0
4777000.0,4785.0,0,0,1,0
12780000.0,7512.0,0,0,1,0
1002000.0,4381.0,0,0,1,0
352000.0,463.0,1,0,0,0
3608000.0,4107.0,0,1,0,0
4528000.0,4800.0,0,0,0,1
87000.0,195.0,0,0,0,1
83000.0,593.0,0,0,1,0
488000.0,315.0,1,0,0,0
80000.0,285.0,0,0,1,0
962000.0,2064.0,0,1,0,0
73000.0,401.0,0,0,1,0
911000.0,1327.0,1,0,0,0
0.0,91.0,0,0,1,0
358000.0,1783.0,0,0,1,0
2798000.0,3843.0,0,0,1,0
3078000.0,4991.0,0,0,0,1
120000.0,503.0,1,0,0,0
239000.0,1006.0,0,0,1,0
264000.0,396.0,0,0,0,1
910000.0,330.0,0,0,1,0
678000.0,1584.0,0,0,1,0
905000.0,5498.0,0,0,1,0
8883000.0,5181.0,0,1,0,0
85000.0,262.0,1,0,0,0
400000.0,614.0,1,0,0,0
1599000.0,1418.0,1,0,0,0
365000.0,1283.0,0,0,1,0
121000.0,1941.0,0,0,1,0
71000.0,897.0,0,0,0,1
117000.0,724.0,1,0,0,0
342000.0,608.0,1,0,0,0
1459000.0,1241.0,1,0,0,0
3118000.0,4455.0,0,0,1,0
5288000.0,4777.0,0,0,1,0
123000.0,1071.0,0,0,0,1
391000.0,925.0,0,0,0,1
0.0,210.0,0,0,0,1
2278000.0,2539.0,0,0,1,0
5618000.0,14297.0,0,0,1,0
926000.0,666.0,1,0,0,0
23000.0,284.0,0,0,0,1
81000.0,1788.0,1,0,0,0
1000.0,793.0,0,0,0,1
298000.0,2031.0,1,0,0,0
155000.0,466.0,1,0,0,0
2359000.0,2655.0,1,0,0,0
110000.0,342.0,1,0,0,0
0.0,435.0,1,0,0,0
456000.0,771.0,0,0,1,0
403000.0,1817.0,0,0,1,0
2141000.0,975.0,0,1,0,0
157000.0,371.0,1,0,0,0
941000.0,196.0,1,0,0,0
0.0,320.0,1,0,0,0
820000.0,2250.0,1,0,0,0
0.0,331.0,1,0,0,0
0.0,27.0,1,0,0,0
156000.0,2081.0,0,1,0,0
2692000.0,3324.0,0,0,0,1
0.0,308.0,1,0,0,0
428000.0,317.0,1,0,0,0
1000.0,161.0,0,0,0,1
1000.0,422.0,0,0,1,0
11000.0,430.0,0,0,1,0
186000.0,586.0,1,0,0,0
1196000.0,6637.0,0,1,0,0
171000.0,2389.0,1,0,0,0
276000.0,636.0,1,0,0,0
93000.0,67.0,1,0,0,0
465000.0,1935.0,1,0,0,0
17000.0,556.0,1,0,0,0
0.0,372.0,1,0,0,0
59000.0,84.0,0,0,0,1
109000.0,545.0,1,0,0,0
1655000.0,511.0,0,0,0,1
166000.0,632.0,1,0,0,0
0.0,176.0,1,0,0,0
503000.0,552.0,1,0,0,0
60000.0,264.0,1,0,0,0
7000.0,229.0,1,0,0,0
237000.0,252.0,1,0,0,0
774000.0,606.0,1,0,0,0
0.0,174.0,1,0,0,0
114000.0,533.0,0,0,0,1
6657000.0,5574.0,0,1,0,0
2388000.0,3464.0,0,1,0,0
4000.0,78.0,0,0,1,0
588000.0,927.0,1,0,0,0
237000.0,408.0,1,0,0,0
1625000.0,3431.0,0,0,1,0
2000.0,136.0,1,0,0,0
455000.0,686.0,1,0,0,0
68000.0,189.0,1,0,0,0
1000.0,726.0,1,0,0,0
85000.0,566.0,1,0,0,0
381000.0,726.0,1,0,0,0
3316000.0,8103.0,0,0,1,0
0.0,70.0,1,0,0,0
1000.0,144.0,1,0,0,0
4745000.0,3703.0,0,0,1,0
1087000.0,3349.0,1,0,0,0
51000.0,406.0,1,0,0,0
458000.0,864.0,0,0,0,1
457000.0,1137.0,0,0,1,0
416000.0,981.0,1,0,0,0
53000.0,242.0,1,0,0,0
0.0,954.0,0,0,1,0
1292000.0,2708.0,1,0,0,0
198000.0,647.0,1,0,0,0
604000.0,1299.0,1,0,0,0
576000.0,1008.0,0,0,1,0
356000.0,278.0,0,0,1,0
0.0,24.0,1,0,0,0
288000.0,78.0,1,0,0,0
1950000.0,2359.0,0,1,0,0
175000.0,849.0,1,0,0,0
1000.0,440.0,1,0,0,0
44000.0,1077.0,0,0,1,0
1197000.0,718.0,0,0,1,0
128000.0,318.0,0,0,0,1
2565000.0,7437.0,0,0,1,0
0.0,339.0,1,0,0,0
0.0,253.0,1,0,0,0
450000.0,732.0,1,0,0,0
246000.0,873.0,1,0,0,0
0.0,165.0,1,0,0,0
436000.0,746.0,1,0,0,0
477000.0,1306.0,0,0,0,1
63000.0,210.0,1,0,0,0
760000.0,1398.0,0,0,1,0
163000.0,821.0,1,0,0,0
2696000.0,3365.0,0,1,0,0
13729000.0,11841.0,0,0,1,0
687000.0,1410.0,0,0,1,0
0.0,413.0,1,0,0,0
1000.0,252.0,1,0,0,0
266000.0,1070.0,0,0,0,1
0.0,333.0,1,0,0,0
364000.0,996.0,0,0,1,0
0.0,181.0,0,0,1,0
0.0,320.0,1,0,0,0
0.0,324.0,1,0,0,0
520000.0,901.0,1,0,0,0
2752000.0,2610.0,0,0,1,0
1078000.0,1162.0,0,0,1,0
365000.0,644.0,1,0,0,0
238000.0,963.0,1,0,0,0
0.0,302.0,1,0,0,0
565000.0,1644.0,0,0,1,0
110000.0,682.0,1,0,0,0
356000.0,661.0,1,0,0,0
629000.0,2131.0,0,0,1,0
0.0,742.0,1,0,0,0
69000.0,580.0,1,0,0,0
0.0,166.0,1,0,0,0
0.0,201.0,1,0,0,0
1264000.0,3609.0,0,0,1,0
1348000.0,1281.0,0,0,1,0
862000.0,557.0,1,0,0,0
324000.0,1530.0,0,0,1,0
17000.0,365.0,1,0,0,0
3355000.0,3531.0,0,1,0,0
394000.0,915.0,0,0,1,0
156000.0,681.0,1,0,0,0
40000.0,176.0,1,0,0,0
489000.0,1077.0,0,0,1,0
0.0,279.0,1,0,0,0
446000.0,3701.0,0,0,1,0
178000.0,675.0,1,0,0,0
649000.0,1774.0,0,0,1,0
70000.0,469.0,1,0,0,0
0.0,491.0,1,0,0,0
1597000.0,2091.0,0,1,0,0
270000.0,777.0,1,0,0,0
362000.0,1112.0,0,1,0,0
77000.0,379.0,1,0,0,0
0.0,408.0,1,0,0,0
661000.0,812.0,1,0,0,0
28000.0,685.0,1,0,0,0
3280000.0,4955.0,0,1,0,0
556000.0,1029.0,1,0,0,0
1407000.0,3422.0,0,1,0,0
0.0,303.0,1,0,0,0
0.0,269.0,1,0,0,0
426000.0,803.0,1,0,0,0
0.0,301.0,0,0,0,1
95000.0,904.0,0,0,1,0
643000.0,1533.0,1,0,0,0
275000.0,1810.0,0,1,0,0
256000.0,448.0,1,0,0,0
77000.0,369.0,1,0,0,0
710000.0,3354.0,0,0,1,0
367000.0,2852.0,0,1,0,0
48000.0,143.0,1,0,0,0
0.0,668.0,1,0,0,0
347000.0,1275.0,0,0,1,0
0.0,541.0,1,0,0,0
345000.0,934.0,1,0,0,0
2668000.0,3958.0,0,1,0,0
4318000.0,8606.0,0,0,1,0
3000.0,511.0,1,0,0,0
761000.0,7446.0,0,0,1,0
6101000.0,5380.0,0,0,0,1
1678000.0,3644.0,0,0,1,0
290000.0,398.0,0,0,0,1
1839000.0,2620.0,0,0,1,0
0.0,145.0,1,0,0,0
2557000.0,2162.0,0,0,1,0
128000.0,930.0,0,0,1,0
32000.0,173.0,1,0,0,0
22000.0,290.0,0,0,0,1
432000.0,612.0,0,0,0,1
4000.0,198.0,1,0,0,0
495000.0,1431.0,0,0,1,0
1485000.0,1439.0,1,0,0,0
186000.0,961.0,1,0,0,0
146000.0,907.0,1,0,0,0
151000.0,1312.0,0,0,1,0
452000.0,5238.0,0,0,1,0
696000.0,758.0,0,0,0,1
65000.0,177.0,1,0,0,0
484000.0,882.0,1,0,0,0
5327000.0,6684.0,0,0,1,0
147000.0,375.0,1,0,0,0
68000.0,315.0,1,0,0,0
346000.0,464.0,1,0,0,0
4179155000.0,2220445.0,0,1,0,0
293000.0,436.0,1,0,0,0
