Code;Libellé;Densité de population 2014;Nb de logements 2014;Nb de résidences principales 2014;Part des maisons dans le nb total de logements 2014;Part des locataires HLM dans les rés. principales 2014;Part des appartements dans le nb total de logements 2014;Part des logements vacants dans le nb total de logements 2014
75056;Paris;21066.8;1362182;1147991;1.0;17.9;96.7;7.9
77001;Achères-la-Forêt;3.4;603;470;93.4;96.4;0;2.5
77002;Amillis;8.6;395;297;40.3;82.1;0;6.8
77003;Amponville;5.1;193;155;30.6;99;0;0.6
77004;Andrezel;6.2;130;121;35.3;97.7;0;2.3
77005;Annet-sur-Marne;6;1323;1237;246.2;77.8;0;21.1
77006;Arbonne-la-Forêt;5.8;424;374;69.2;97.4;0;1.7
77007;Argentières;2.6;153;144;152.5;100;0;0
77008;Armentières-en-Brie;7.1;409;368;179;81.2;0;18.6
77009;Arville;11.8;68;55;10.8;100;0;0
77010;Aubepierre-Ozouer-le-Repos;9.8;387;340;33.5;92.1;0;7.1
77011;Aufferville;10.4;246;204;29.8;95.1;0;4.9
77012;Augers-en-Brie;6.6;136;115;22.6;100;0;0
77013;Aulnoy;1.8;161;144;26;97.5;0;2.5
77014;Avon;9.7;7531;6598;3637.1;25.7;13.7;72.7
77015;Baby;5.4;52;43;23.8;100;0;0
77016;Bagneaux-sur-Loing;6;780;714;320.9;57.9;42;41
77018;Bailly-Romainvilliers;4.8;3106;2727;928.5;54.7;14.9;43.3
77019;Balloy;6.8;166;130;24.7;97.5;0;2.5
77020;Bannost-Villegagnon;4.2;283;241;34.7;98.2;0;1.8
77021;Barbey;17.5;80;61;35.4;100;0;0
77022;Barbizon;12.3;837;565;232.4;87.6;0.2;12
77023;Barcy;7.7;104;95;40.6;99;0;1
77024;Bassevelle;7.5;148;130;19.4;94.6;0;4.7
77025;Bazoches-lès-Bray;6.5;433;352;37.4;91.2;0;2.5
77026;Beauchery-Saint-Martin;9.7;176;147;14.8;98.9;0;1.1
77027;Beaumont-du-Gâtinais;11.1;550;418;70.2;93.5;3.1;5.8
77028;Beautheil;3.9;284;260;40.2;98.2;0;1.4
77029;Beauvoir;8.1;104;86;51.3;93.4;0;6.6
77030;Bellot;9.1;374;299;47.7;91.7;0;7.5
77031;Bernay-Vilbert;6.2;372;325;49.5;95.4;0;3.5
77032;Beton-Bazoches;7.7;470;352;47.9;73.6;2;12.4
77033;Bezalles;2.3;86;82;95.1;98.8;0;1.2
77034;Blandy;9.2;329;282;49.3;90.2;0;9.2
77035;Blennes;3;302;216;27.7;100;0;0
77036;Boisdon;5.1;59;51;30.9;98.3;0;0
77037;Bois-le-Roi;5.7;2557;2228;811.1;89.3;1.1;10.4
77038;Boissettes;8.9;197;167;277.3;90.7;0;9.3
77039;Boissise-la-Bertrand;3.2;429;385;151.3;95.8;0.8;3.2
77040;Boissise-le-Roi;3;1426;1360;532.4;92.8;8.1;6.8
77041;Boissy-aux-Cailles;1.9;172;128;18.5;100;0;0
77042;Boissy-le-Châtel;7.1;1345;1193;313.1;93.8;0;5.4
77043;Boitron;5.2;172;142;74.7;98.9;0;0.6
77044;Bombon;7.7;353;312;59.3;96.6;0;2.9
77045;Bougligny;7.8;324;278;44.9;99.1;0;0.9
77046;Boulancourt;4.6;218;154;58.2;99.1;0;0.9
77047;Bouleurs;5.2;597;551;179.5;83.6;2;12.8
77048;Bourron-Marlotte;7.5;1356;1114;242.4;87.3;5.6;12.3
77049;Boutigny;6.3;349;319;88.4;95.7;0;2.9
77050;Bransles;17;290;209;39.4;95.6;0;3.7
77051;Bray-sur-Seine;17.2;1202;970;1037.7;56.1;18.6;38
77052;Bréau;7.1;141;125;243.7;99.3;0;0
77053;Brie-Comte-Robert;5.4;7343;6894;831.1;43.7;16.3;55.5
77054;La Brosse-Montceaux;6.3;317;289;65.6;98.1;6.6;1.9
77055;Brou-sur-Chantereine;4.2;2046;1821;1039.7;32;26.4;56.4
77056;Burcy;6.6;93;72;23.5;100;0;0
77057;Bussières;5.6;195;178;59.1;83.1;0.6;15.4
77058;Bussy-Saint-Georges;5;10759;10122;1935;31.3;12.1;67.1
77059;Bussy-Saint-Martin;3.7;293;274;268.2;92;0;7.7
77060;Buthiers;8.2;438;316;37.9;98;0;1.8
77061;Cannes-Écluse;6.4;1043;962;293.6;83.1;6.8;16.4
77062;Carnetin;10.4;211;188;281.4;80.1;0.5;19.4
77063;La Celle-sur-Morin;6.2;566;497;179.9;96.7;0.2;2.1
77065;Cély;6.1;506;443;186.8;98.4;0;1.6
77066;Cerneux;9.6;153;123;14.4;95.5;0;4.5
77067;Cesson;3.9;3947;3745;1404.7;80.6;8.1;18.1
77068;Cessoy-en-Montois;5.8;122;97;39.9;99.2;0;0.8
77069;Chailly-en-Bière;8.2;919;803;153.3;84.8;1.6;14.4
77070;Chailly-en-Brie;7;588;530;82.1;89.5;0;8.7
77071;Chaintreaux;7.7;426;344;38.3;99.3;0;0.5
77072;Chalautre-la-Grande;9.3;324;255;39.3;99.4;6.3;0
77073;Chalautre-la-Petite;5.3;265;231;64.2;98.1;0;1.9
77075;Chalifert;8.4;555;496;528.1;84;0;14
77076;Chalmaison;6.4;307;274;75.1;100;0;0
77077;Chambry;5.1;396;373;98.1;87.5;0;11.5
77078;Chamigny;6.3;552;498;98.3;93.7;0;6.1
77079;Champagne-sur-Seine;11.6;3064;2654;851.6;49.1;35;50.8
77080;Champcenest;5.6;89;75;15.8;93.3;0;6.7
77081;Champdeuil;6;285;265;182.6;84.3;1.5;14.6
77082;Champeaux;5.9;369;337;62.9;83.9;0.3;15.6
77083;Champs-sur-Marne;3.8;10542;9999;3414.4;28.5;28.7;69.7
77084;Changis-sur-Marne;8.7;484;423;163.2;92.1;4.4;7.9
77085;Chanteloup-en-Brie;6.2;1212;1123;1058.2;62.6;14.7;37.2
77086;La Chapelle-Gauthier;6;570;526;84.4;79.3;11.6;20.4
77087;La Chapelle-Iger;5.9;74;60;18.1;96.1;0;3.9
77088;La Chapelle-la-Reine;6.8;1033;944;157.4;71.6;19.1;27.6
77089;La Chapelle-Rablais;2.9;384;341;63.7;98.4;0;1.6
77090;La Chapelle-Saint-Sulpice;5.3;95;81;37;100;0;0
77091;Les Chapelles-Bourbon;3.4;147;135;62;88.6;0;11.4
77093;La Chapelle-Moutils;11.2;222;168;22.8;96;0;3.5
77094;Charmentray;8.3;107;97;55;84;0;15.1
77095;Charny;2.3;490;471;99.4;87.8;1.7;11.2
77096;Chartrettes;3.9;1146;1036;257;87.7;1.4;11.9
77097;Chartronges;1.8;113;105;36.7;99.1;0;0
77098;Châteaubleau;5.2;160;136;104.1;97.3;0;1.8
77099;Château-Landon;15.9;1709;1318;106.4;83.6;4.9;12.3
77100;Le Châtelet-en-Brie;6.8;1965;1773;195.3;83;7.2;15.1
77101;Châtenay-sur-Seine;7.9;431;382;76.3;99.3;0;0.7
77102;Châtenoy;11.9;76;66;34.9;98.6;0;1.4
77103;Châtillon-la-Borde;7.7;104;85;30.2;97.1;0;2.9
77104;Châtres;7.1;259;229;41.8;94.5;0;3.5
77106;Chauffry;7.1;431;376;197.9;95.4;0;4.2
77107;Chaumes-en-Brie;12.2;1468;1228;149.3;66.1;4;32
77108;Chelles;5.6;22598;21097;3377.9;45.4;21.2;52.4
77109;Chenoise;10;610;522;37.6;83.6;11.1;14.4
77110;Chenou;6.3;151;123;22.6;97.4;0;2
77111;Chessy;8.5;2130;1895;843.6;39.3;11.1;58.9
77112;Chevrainvilliers;11.8;129;96;25.3;100;0;0
77113;Chevru;4.2;411;365;79.1;96.4;0;3.3
77114;Chevry-Cossigny;2.7;1507;1445;238.5;76.8;8;23
77115;Chevry-en-Sereine;6;279;207;22.7;96.1;0.5;3.2
77116;Choisy-en-Brie;9.2;607;512;55.7;94.7;0;4
77117;Citry;14.2;400;309;166.5;84.5;0;12.9
77118;Claye-Souilly;4.2;4957;4688;785.7;58.8;12.2;40.1
77119;Clos-Fontaine;0.9;107;100;45.7;98.1;0;1.9
77120;Cocherel;8.3;241;213;77.5;93.8;0;4.6
77121;Collégien;3.1;1256;1213;779.6;69.7;23;30.1
77122;Combs-la-Ville;6.1;9127;8531;1526.9;54;15.6;45.3
77123;Compans;2.1;242;236;149.1;83.5;4.2;16.1
77124;Conches-sur-Gondoire;4;671;627;1134.2;93.7;1.3;5.7
77125;Condé-Sainte-Libiaire;3.5;596;539;655.8;94.8;0;4.2
77126;Congis-sur-Thérouanne;6.6;697;622;118.3;94;1.3;5.2
77127;Coubert;4.2;716;678;246.3;56.6;9;43.1
77128;Couilly-Pont-aux-Dames;5.6;874;787;459.2;83.8;0.1;14.6
77129;Coulombs-en-Valois;9.9;274;234;27.4;97.1;0;2.9
77130;Coulommes;10;178;158;112.2;96.1;0;3.3
77131;Coulommiers;8.3;7468;6775;1362.2;35.3;30.7;63.2
77132;Coupvray;6.7;1113;1027;348;96.4;1.7;3.4
77133;Courcelles-en-Bassée;4.7;109;94;22.7;97.2;0;1.9
77134;Courchamp;14.5;86;62;12.8;94;0;3.6
77135;Courpalay;9.5;554;484;99.8;95;0;4.8
77136;Courquetaine;6;84;76;25.8;100;1.3;0
77137;Courtacon;9.3;107;92;21.2;97.2;0;2.8
77138;Courtomer;5.5;236;201;112.1;97.5;0;1.3
77139;Courtry;2.8;2380;2302;1601.9;89.6;5;9.9
77140;Coutençon;0;129;106;46.9;97.7;0;2.3
77141;Coutevroult;6.8;421;373;137.4;80.6;0;15.4
77142;Crécy-la-Chapelle;10.8;2097;1763;270.6;68.3;3.1;31.3
77143;Crégy-lès-Meaux;4.4;1743;1654;1295.3;69.9;20.4;29.8
77144;Crèvecoeur-en-Brie;4.4;158;138;42.4;98.1;0;1.3
77145;Crisenoy;6.5;260;233;51.2;94.2;0;5.4
77146;Croissy-Beaubourg;1.5;778;763;172.7;94.7;10.1;4.6
77147;La Croix-en-Brie;11.7;327;266;22.8;98.2;0;1.8
77148;Crouy-sur-Ourcq;6.9;764;677;98;78.3;0.1;21.6
77149;Cucharmoy;11.5;122;99;17.4;100;0;0
77150;Cuisy;3.6;166;156;129.1;88.2;0;11.8
77151;Dagny;6.5;139;118;42.2;96.4;0;3.6
77152;Dammarie-les-Lys;5.6;9344;8780;2109.9;36.9;36.7;62.6
77153;Dammartin-en-Goële;4.7;3626;3435;988.6;65.8;7.3;33.7
77154;Dammartin-sur-Tigeaux;6.3;416;372;110.2;95.5;0;4.5
77155;Dampmart;6.5;1334;1228;548.5;77.2;9.9;22
77156;Darvault;9.8;456;355;108.2;96;1.1;2.9
77157;Dhuisy;9.6;141;115;36.2;94.3;0;5.7
77158;Diant;12.3;121;84;16.5;99.2;0;0.8
77159;Donnemarie-Dontilly;7.3;1290;1130;242.2;83.3;7.6;16.5
77161;Dormelles;7.1;397;309;62.4;98;0.6;1.2
77162;Doue;9.3;453;383;49.6;97.6;0;2.2
77163;Douy-la-Ramée;7.9;130;113;40.2;86.6;0;11
77164;Échouboulains;11.5;260;211;26.4;96.2;0;3.8
77165;Les Écrennes;5.3;233;212;31.9;97.5;0.9;2.5
77167;Égligny;5.2;146;125;19.5;98;0;2
77168;Égreville;13;1081;853;68.1;85.2;2.2;14.7
77169;Émerainville;2.9;2768;2688;1379.5;48.6;20.5;51.1
77171;Esbly;6.2;2731;2488;1994.9;70.3;4.7;29.1
77172;Esmans;4.6;393;359;50.5;96.4;0;3.3
77173;Étrépilly;6.6;331;305;65.9;92.2;0;7.5
77174;Everly;2.8;286;233;69.1;99.3;0;0.7
77175;Évry-Grégy-sur-Yerre;4.2;995;931;139.7;95.8;0;3.8
77176;Faremoutiers;8.5;1134;1012;238.8;81.3;3;17.8
77177;Favières;6.6;488;444;38.8;85.2;0;14.4
77178;Faÿ-lès-Nemours;10.4;230;185;61.1;90.9;0;8.7
77179;Féricy;6.5;291;230;62.4;97.9;0;2.1
77180;Férolles-Attilly;5.4;470;418;91.1;86.7;0;11.1
77181;Ferrières-en-Brie;14.2;1590;1075;415;48.6;6.2;51.1
77182;La Ferté-Gaucher;12;2328;2007;276.3;45.4;25;53.5
77183;La Ferté-sous-Jouarre;10.4;4826;4086;955.5;48.2;12.7;48.4
77184;Flagy;3.9;283;239;89.3;98.9;0;0.7
77185;Fleury-en-Bière;7.3;342;267;47.6;98.2;0;1.2
77186;Fontainebleau;13.3;8906;7318;85.1;25.4;13.3;73.8
77187;Fontaine-Fourches;9.7;259;210;50.4;97.7;1.9;1.6
77188;Fontaine-le-Port;8.2;496;388;122.1;89.5;0;10.1
77190;Fontains;8.5;118;102;16.1;99.2;0;0.8
77191;Fontenailles;8.1;439;385;39.4;96.1;0;3.5
77192;Fontenay-Trésigny;7;2279;2094;242.4;64.8;16;34.1
77193;Forfry;12.2;92;80;41;89.6;0;10.4
77194;Forges;8.6;164;148;32.1;85.8;3.4;13.6
77195;Fouju;2.3;217;209;74.8;99.1;0;0.9
77196;Fresnes-sur-Marne;3.3;276;265;101.6;83.2;0.3;16.8
77197;Frétoy;0;73;61;25.8;98.7;0;0
77198;Fromont;6.1;100;84;20.2;100;0;0
77199;Fublaines;6.9;453;416;208.8;84.6;7.9;15
77200;Garentreville;11.5;53;44;17.2;100;0;0
77201;Gastins;5.7;302;262;47.6;90.6;0;9.4
77202;La Genevraye;4.1;332;283;54.3;91;0;6.8
77203;Germigny-l'Évêque;3.8;565;520;113.2;96.1;0;3.9
77204;Germigny-sous-Coulombs;3.4;88;78;31.5;97.8;0;2.2
77205;Gesvres-le-Chapitre;0;48;48;37.4;100;0;0
77206;Giremoutiers;5.1;59;56;24.5;96.6;0;3.4
77207;Gironville;12.1;76;63;11.5;100;0;0
77208;Gouaix;9.5;685;535;99.7;79.8;2;9.9
77209;Gouvernes;6.7;470;430;418;88.4;0;11.4
77210;La Grande-Paroisse;5.3;1161;1053;94.2;93.9;2.2;5.8
77211;Grandpuits-Bailly-Carrois;4.5;417;386;41.4;81.8;0;8.6
77212;Gravon;5;120;69;19.6;95.8;0;0
77214;Gressy;3.8;346;330;264.4;87.9;0;11.9
77215;Gretz-Armainvilliers;4.7;3562;3374;634.9;52.5;22.1;47.1
77216;Grez-sur-Loing;5.6;676;576;108.9;93;0.5;6.5
77217;Grisy-Suisnes;7.7;963;863;131.7;85.4;0;13.1
77218;Grisy-sur-Seine;6.6;92;46;16.3;82.5;15.6;0
77219;Guérard;9.5;1095;898;116.3;95.8;0;3.7
77220;Guercheville;10.7;130;106;30.4;99.2;0;0.8
77221;Guermantes;4.5;449;426;915.1;89.2;0.2;10.8
77222;Guignes;6.9;1463;1337;608.5;61;13.3;38.6
77223;Gurcy-le-Châtel;4.8;261;215;45.6;96.8;0;2.9
77224;Hautefeuille;14.4;81;62;30.8;92.8;0;3.6
77225;La Haute-Maison;3;119;108;24.3;88.1;0;9.1
77226;Héricy;6.8;1196;1017;239.3;91.3;1.1;7.9
77227;Hermé;3.9;546;239;40.9;55.9;0;0.4
77228;Hondevilliers;12.9;134;102;45.4;99.3;0;0
77229;La Houssaye-en-Brie;5;634;586;132.3;89.9;0;8.8
77230;Ichy;11;83;71;24.5;98.7;0;1.3
77231;Isles-les-Meldeuses;3.6;311;280;114.3;85.6;0;13.4
77232;Isles-lès-Villenoy;4.9;348;318;132.4;94.3;0;5.7
77233;Iverny;3.4;220;208;330.1;90.4;0;9.1
77234;Jablines;4.4;264;239;84.8;89.8;0;9.8
77235;Jaignes;11.9;143;111;25.6;95.9;0;2.7
77236;Jaulnes;4.5;202;153;23.7;99.5;0;0.5
77237;Jossigny;11.8;278;245;68.7;84.6;6.5;14.6
77238;Jouarre;8.3;1575;1395;98.4;79.2;4.1;19.7
77239;Jouy-le-Châtel;9.6;677;572;41.7;85;4.7;14.5
77240;Jouy-sur-Morin;12.9;1035;856;115.5;85;7.6;14.2
77241;Juilly;4.1;725;693;272.1;83.2;2.7;16.6
77242;Jutigny;8.9;251;214;117.2;94;0;6
77243;Lagny-sur-Marne;6.7;9880;9042;3724.1;37.1;16.6;61.3
77244;Larchant;7.8;451;318;25.4;96.7;0;2.9
77245;Laval-en-Brie;7.7;195;168;22.8;99.5;0;0.5
77246;Léchelle;8.1;248;213;26.3;99.6;0;0
77247;Lescherolles;6.9;216;177;43.8;97.7;0;1.4
77248;Lesches;3.5;266;244;173;99.6;0;0
77249;Lésigny;1.9;2854;2787;729.2;88.1;8.7;11.6
77250;Leudon-en-Brie;1.7;68;63;39.2;92.5;0;7.5
77251;Lieusaint;4.5;4715;4481;1013.5;47.6;17.4;49.4
77252;Limoges-Fourches;0.7;152;149;57.3;94;0;6
77253;Lissy;7.1;84;78;29.3;98.8;0;1.2
77254;Liverdy-en-Brie;4.2;500;472;144.3;90.8;0;9
77255;Livry-sur-Seine;12.6;1010;846;391.8;69.7;1.9;11
77256;Lizines;4.8;86;72;32.2;97.6;0;1.2
77257;Lizy-sur-Ourcq;7.3;1593;1456;323.4;42.2;37.5;57.1
77258;Lognes;3.8;5372;5134;4104.7;21.7;25.7;76.7
77259;Longperrier;4.3;980;929;533.9;52.1;10.2;42.3
77260;Longueville;8.6;789;711;322.8;68.4;27.1;26.2
77261;Lorrez-le-Bocage-Préaux;11.2;659;510;64.4;85.8;12.3;13.6
77262;Louan-Villegruis-Fontaine;9.1;280;203;13.2;98.2;1;1.1
77263;Luisetaines;6.3;106;87;47.8;97.2;0;1.9
77264;Lumigny-Nesles-Ormeaux;4.3;620;561;42.4;93.8;0.2;5.5
77265;Luzancy;6.1;477;425;166.3;84.9;0;15.1
77266;Machault;5.8;325;289;48.3;92.6;0.3;7.4
77267;La Madeleine-sur-Loing;9.8;174;144;56.8;99.4;0;0
77268;Magny-le-Hongre;7.3;3308;3032;1780.5;53.5;5.8;41.7
77269;Maincy;6.3;746;688;167.5;87.4;0.3;12.5
77270;Maisoncelles-en-Brie;3.9;313;290;63.9;92.6;0;6.1
77271;Maisoncelles-en-Gâtinais;8.9;68;53;14.6;94.2;0;3
77272;Maison-Rouge;7.1;353;313;64.1;91.5;4.5;8.2
77273;Marchémoret;3.2;196;185;79.1;85;0;14.5
77274;Marcilly;3.2;188;181;68;84;1.1;16
77275;Les Marêts;16.6;70;50;28.3;100;0;0
77276;Mareuil-lès-Meaux;4.7;995;937;395.5;72.9;9.1;18.9
77277;Marles-en-Brie;7.2;598;546;119.7;88.8;0;9.3
77278;Marolles-en-Brie;5.4;177;146;44.2;98.8;0;0.6
77279;Marolles-sur-Seine;6.9;683;620;82.8;95.3;6;4.4
77280;Mary-sur-Marne;4.9;459;416;543.7;93.7;0;6.1
77281;Mauperthuis;6;219;188;251.3;97.3;0;2.3
77282;Mauregard;9.7;126;111;39;82.6;0;17.4
77283;May-en-Multien;7.8;348;310;47.3;95.9;0.3;3.3
77284;Meaux;8.3;23375;21319;3573.2;21;36.4;78.1
77285;Le Mée-sur-Seine;3.9;8124;7763;3888.8;28.9;48.7;69.8
77286;Meigneux;5.7;107;90;32.1;98.1;0;1.9
77287;Meilleray;7.3;241;197;65.3;96.6;0;3
77288;Melun;7.6;19020;17432;4976.5;14;34;85.1
77289;Melz-sur-Seine;8.7;186;144;19.7;98.9;0;1.1
77290;Méry-sur-Marne;8.7;327;258;113.7;95.3;0;3.4
77291;Le Mesnil-Amelot;11;345;297;91.2;62;25.7;37.2
77292;Messy;8.1;467;422;107.7;76.5;0.2;23.5
77293;Misy-sur-Yonne;8.6;546;366;157.6;95.5;0.5;2.7
77294;Mitry-Mory;5.3;7609;7175;656.9;65.3;21.6;34.5
77295;Moisenay;4.9;554;507;152.9;98;0.2;2
77296;Moissy-Cramayel;3.1;6461;6224;1232.9;49.1;28;50
77297;Mondreville;13.3;174;139;17.7;98.3;0;1.7
77298;Mons-en-Montois;1.8;225;194;76.4;99.1;0;0.4
77300;Montceaux-lès-Meaux;7;260;230;128.4;96.9;0;3.1
77301;Montceaux-lès-Provins;7.3;167;136;22.5;98.2;0;1.2
77302;Montcourt-Fromonville;4.7;873;800;247.1;97.1;1.6;2.7
77303;Montdauphin;6.7;120;91;24.4;97.5;0;2.5
77304;Montenils;9.8;20;14;5.5;100;0;0
77305;Montereau-Fault-Yonne;9.6;8229;7359;2015.3;23.7;41.2;76
77306;Montereau-sur-le-Jard;5.7;216;203;47.3;86.1;0;10.3
77307;Montévrain;9.4;5105;4544;1790.6;27.3;10.9;68.4
77308;Montgé-en-Goële;12.5;318;265;62.6;95.1;0;4.3
77309;Monthyon;4.7;642;606;139.8;91.8;2;7.3
77310;Montigny-le-Guesdier;10.3;146;119;38;100;0;0
77311;Montigny-Lencoup;8.8;590;501;64.9;95.1;2.1;4.8
77312;Montigny-sur-Loing;10.4;1518;1144;295.2;89.7;0.3;9.7
77313;Montmachoux;9.5;116;93;52.1;96.6;0;0.9
77314;Montolivet;14.3;123;89;15.1;100;0;0
77315;Montry;4.9;1492;1373;1234.6;85.6;0;13.5
77316;Moret-Loing-et-Orvanne;8.2;5886;5164;370.4;77.6;5.4;20.9
77317;Mormant;6.4;1881;1746;279.8;67.6;22.3;31.3
77318;Mortcerf;7.1;587;529;81.7;85.8;0.2;14.2
77319;Mortery;13.3;68;59;11.7;95.7;0;4.3
77320;Mouroux;6.2;2129;1951;311.7;90.1;2.5;9.1
77321;Mousseaux-lès-Bray;7.5;313;282;86.4;94.5;4;5.5
77322;Moussy-le-Neuf;4.1;1135;1083;201.9;84.1;4.8;15.8
77323;Moussy-le-Vieux;6;459;430;160.9;73.7;10;26.2
77325;Mouy-sur-Seine;9.4;205;167;42;91.2;0;7.8
77326;Nandy;3.5;2060;1955;682.9;69.1;33.4;30.5
77327;Nangis;5.8;3604;3364;353.8;52.1;34.8;47.1
77328;Nanteau-sur-Essonne;8;261;181;34.4;96.9;0;0.4
77329;Nanteau-sur-Lunain;6.4;296;230;53.8;87.2;0;12.5
77330;Nanteuil-lès-Meaux;9.4;2463;2192;761;78.5;3.2;20.6
77331;Nanteuil-sur-Marne;13.7;235;185;369.6;81.2;0.6;17.5
77332;Nantouillet;4.4;106;98;53.8;96.2;0;3.8
77333;Nemours;9.5;6239;5561;1205.2;43.7;34.8;55.2
77335;Chauconin-Neufmontiers;4.7;791;749;171.9;88;7.3;11.8
77336;Neufmoutiers-en-Brie;4.3;352;334;57.5;77.1;0.9;21.8
77337;Noisiel;3;5935;5652;3568.5;25.6;33.2;72.1
77338;Noisy-Rudignon;4.6;239;216;149;99.6;5.6;0.4
77339;Noisy-sur-École;5.9;1047;762;62;92.7;0;7
77340;Nonville;7.8;270;227;52.6;98.2;0;1.5
77341;Noyen-sur-Seine;7.3;219;149;28.9;99.5;0;0
77342;Obsonville;8.3;49;39;13.7;100;0;0
77343;Ocquerre;7;200;147;44.3;75;0;24.5
77344;Oissery;4.2;714;683;140.1;91;2.6;8.8
77345;Orly-sur-Morin;10;317;260;116;92.7;0.4;5.7
77347;Les Ormes-sur-Voulzie;7.1;395;333;70.8;96.2;0.3;2.8
77348;Ormesson;5.3;123;113;73.5;99.1;0;0.9
77349;Othis;2.4;2499;2411;501.8;79.4;10.9;20.1
77350;Ozoir-la-Ferrière;4.3;8086;7623;1296.3;67;12.9;32.1
77352;Ozouer-le-Voulgis;6.6;731;655;163.5;92.6;0.9;5.9
77353;Paley;8.5;254;188;47;98.8;0;0.8
77354;Pamfou;4.4;529;338;91.5;96.2;0;2.1
77355;Paroy;7.1;90;78;41.4;98.9;0;0
77356;Passy-sur-Seine;0;35;22;11.7;100;0;0
77357;Pécy;6;340;304;40;90.8;0;8.3
77358;Penchard;3.1;413;394;248.2;88.5;0;11.3
77359;Perthes;5.5;924;833;171.6;90.6;3.6;8.7
77360;Pézarches;9.1;158;138;46.6;98;0;2
77361;Pierre-Levée;7.7;202;177;38.3;92.3;0;7.1
77363;Le Pin;6.2;569;533;212.2;73.1;1.3;26.7
77364;Le Plessis-aux-Bois;2.2;92;89;80.6;97.8;0;2.2
77365;Le Plessis-Feu-Aussoux;5.8;209;190;95.2;93.4;0;6.1
77366;Le Plessis-l'Évêque;2.9;102;98;79;95.3;0;4.7
77367;Le Plessis-Placy;6.5;109;100;33.7;97.3;0;2.7
77368;Poigny;4.3;205;190;85;88.6;9.8;11.4
77369;Poincy;4.5;264;250;110.6;97;0;2.7
77370;Poligny;7.9;420;345;30.1;95.7;0;4
77371;Pommeuse;9.7;1272;1081;223.6;88.6;5;8.6
77372;Pomponne;5.2;1612;1506;516.2;53.7;24.4;46.2
77373;Pontault-Combault;4.1;14976;14279;2795.8;54;18.3;45.7
77374;Pontcarré;6;864;811;222.3;72.5;4.8;27.4
77376;Précy-sur-Marne;5;307;288;166.7;79.3;0.3;16.2
77377;Presles-en-Brie;4.4;858;810;128.5;84.9;0.5;14.8
77378;Pringy;7.9;1293;1168;682.9;66.1;8.4;33.6
77379;Provins;11.7;6168;5349;797.3;34;32.7;65.4
77380;Puisieux;8.8;129;116;34.4;93.7;0;5.5
77381;Quiers;2.5;241;229;56.7;98.8;0;1.2
77382;Quincy-Voisins;5.4;2024;1896;496.8;87.2;4.3;12.5
77383;Rampillon;6.9;332;296;35.1;95.6;0;3.6
77384;Réau;6.1;479;413;133.2;85.8;3.9;9.2
77385;Rebais;10.3;972;845;201.8;69.5;17.9;30
77386;Recloses;8.2;398;276;75.9;94.6;0;5.1
77387;Remauville;5.4;205;181;43.1;100;0;0
77388;Reuil-en-Brie;9;355;307;139.4;95.3;0;4.4
77389;La Rochette;6.7;1650;1508;560.2;41.7;8.8;55.9
77390;Roissy-en-Brie;2.7;8296;8017;1681.6;56.8;22.6;41.4
77391;Rouilly;7.9;218;193;64.4;97.7;0;2.3
77392;Rouvres;1.9;259;254;191.1;99;0;1
77393;Rozay-en-Brie;6.5;1277;1135;903.5;63;8.3;31.7
77394;Rubelles;3;814;786;534.8;86.2;15.2;11.3
77395;Rumont;5.3;78;55;18.8;100;0;0
77396;Rupéreux;8.5;47;41;16.1;100;0;0
77397;Saâcy-sur-Marne;12.4;915;729;130.1;85.1;0.5;12.2
77398;Sablonnières;4.6;355;282;50.4;96;0;3.1
77399;Saint-Ange-le-Viel;5;103;85;72.4;100;0;0
77400;Saint-Augustin;7;829;679;168.7;95;0;3.4
77401;Sainte-Aulde;7.4;329;266;81.8;95.1;0;2.8
77402;Saint-Barthélemy;4.1;146;134;22.9;98.6;0;1.4
77403;Saint-Brice;7.6;320;286;61.1;97.1;0;2.9
77404;Sainte-Colombe;6.3;774;703;222.5;92.3;0;7.7
77405;Saint-Cyr-sur-Morin;11.2;890;739;101.4;94.4;0.1;5.1
77406;Saint-Denis-lès-Rebais;7.6;410;343;61.8;99.5;0;0.5
77407;Saint-Fargeau-Ponthierry;4.4;6113;5662;843.3;57.2;18.6;40.7
77408;Saint-Fiacre;3.4;176;163;149.1;93.1;0;6.9
77409;Saint-Germain-Laval;3.8;1113;1043;317.9;87.1;18.5;12.6
77410;Saint-Germain-Laxis;3.1;257;247;97.5;96.1;0;3.5
77411;Saint-Germain-sous-Doue;5.2;201;177;50.4;100;0;0
77412;Saint-Germain-sur-École;4.7;148;134;137.5;96.6;0;2.7
77413;Saint-Germain-sur-Morin;5.4;1390;1296;739.7;82.7;1.4;16.4
77414;Saint-Hilliers;9.1;217;183;24.3;97.6;0;2.4
77415;Saint-Jean-les-Deux-Jumeaux;10.9;528;455;91;89.1;2.4;9
77416;Saint-Just-en-Brie;5.5;104;86;31.7;100;0;0
77417;Saint-Léger;6.9;102;85;25.2;94.1;0;5.9
77418;Saint-Loup-de-Naud;6.6;413;359;81.1;97.3;3.6;1.9
77419;Saint-Mammès;8.1;1565;1359;1445.5;79.3;4.9;20
77420;Saint-Mard;5.3;1477;1387;612.5;82.6;5.1;17
77421;Saint-Mars-Vieux-Maisons;9.3;129;104;14.5;98.4;0;0
77423;Saint-Martin-des-Champs;6.6;312;273;66.2;98.7;0;1.3
77424;Saint-Martin-du-Boschet;11.3;134;98;17.2;99.2;0;0
77425;Saint-Martin-en-Bière;8.2;372;310;99.5;96.8;0;3.2
77426;Saint-Méry;6.6;170;144;37.5;94.1;3.5;5.9
77427;Saint-Mesmes;2.9;207;200;78.9;94.6;0;4.9
77428;Saint-Ouen-en-Brie;2.6;321;306;149.7;100;0;0
77429;Saint-Ouen-sur-Morin;5.9;231;206;144.9;99.1;0;0.4
77430;Saint-Pathus;2.8;2037;1976;1114.4;89.9;0.6;10.1
77431;Saint-Pierre-lès-Nemours;5.8;2511;2299;255;85.9;7;13.7
77432;Saint-Rémy-la-Vanne;6.4;440;378;65.4;95.5;0.3;2.7
77433;Saints;5.6;648;519;68.8;92.3;0.2;3.9
77434;Saint-Sauveur-lès-Bray;4.8;253;159;53.4;100;0;0
77435;Saint-Sauveur-sur-École;5.2;495;442;152.5;97.8;0;1.6
77436;Saint-Siméon;4.2;437;346;72.9;91.8;0;7.3
77437;Saint-Soupplets;4.6;1239;1175;236.1;79.5;11;20.2
77438;Saint-Thibault-des-Vignes;5.6;2408;2259;1347.9;63.6;17.9;34.2
77439;Salins;5.3;372;343;99.1;97.3;0;2.7
77440;Sammeron;9.2;456;402;183.5;91.5;0;7.8
77441;Samois-sur-Seine;8.9;1080;853;330.6;89.9;2.6;9.8
77442;Samoreau;2.6;1011;938;412.7;87.2;5.4;12.6
77443;Sancy;4.3;138;128;69.2;97.8;0;1.4
77444;Sancy-lès-Provins;10.1;156;123;18.5;99.4;0;0
77445;Savigny-le-Temple;3.8;10489;10071;2520.6;51.1;24.2;47.7
77446;Savins;6.3;289;234;91.5;96.5;1.3;3.1
77447;Seine-Port;4.6;833;737;223.7;84.8;1;14.6
77448;Sept-Sorts;5.5;185;169;140.4;81.1;0;18.4
77449;Serris;10.6;4756;3560;1522.7;20;14.3;71.4
77450;Servon;3.9;1210;1154;426.2;88.9;6.6;10.7
77451;Signy-Signets;6.6;259;234;44.9;94.3;0;5
77452;Sigy;14.3;35;24;11.4;91.4;0;5.7
77453;Sivry-Courtry;3.1;455;427;54.2;95.2;0;4.6
77454;Sognolles-en-Montois;9.8;175;140;40.3;99.4;0;0.6
77455;Soignolles-en-Brie;8.5;873;774;187.7;86.5;0;13
77456;Soisy-Bouy;6.5;355;316;72.1;99.7;0.6;0.3
77457;Solers;4.8;527;484;202.2;81.8;0.2;17.2
77458;Souppes-sur-Loing;11.8;2550;2195;197.2;68;19.3;31.5
77459;Sourdun;8.8;650;546;64;90.3;3.3;9.1
77460;Tancrou;4.6;151;133;30;92.7;0;6
77461;Thénisy;6.9;144;115;53.6;97.9;0;2.1
77462;Thieux;12.1;365;321;67.3;51.5;3.1;42.5
77463;Thomery;5.5;1637;1424;941.5;91;0.1;8.7
77464;Thorigny-sur-Marne;6.2;4162;3840;1799;49.4;18.1;50.1
77465;Thoury-Férottes;10.2;322;272;41.5;97.8;0;2.2
77466;Tigeaux;9.6;177;147;61.8;98.9;0;0
77467;La Tombe;7.3;123;94;29.1;98.4;0;0.8
77468;Torcy;3.8;9174;8608;3934.8;22.3;33.3;73.9
77469;Touquin;5.9;491;439;105.8;91.4;0;8.6
77470;Tournan-en-Brie;7.6;3502;3174;557.9;52.1;17.5;44
77471;Tousson;8.2;181;150;28.5;98.4;0;1.6
77472;La Trétoire;7.7;219;175;50;97.3;0;1.3
77473;Treuzy-Levelay;6.5;218;180;32.3;99.5;0;0.5
77474;Trilbardou;6.5;297;264;86.2;80.9;0;18
77475;Trilport;5.8;2037;1909;451.7;80.8;5.6;18.2
77476;Trocy-en-Multien;4.1;101;90;33.2;97;0;3
77477;Ury;7.1;396;346;101.5;96.7;0;2.5
77478;Ussy-sur-Marne;7.5;437;384;73.9;89.2;0;10.4
77479;Vaires-sur-Marne;5.3;5631;5289;2224.9;43.7;22.2;54.5
77480;Valence-en-Brie;11.6;329;280;83;92.5;4;6.5
77481;Vanvillé;3.5;66;62;21.5;91.9;0;6.7
77482;Varennes-sur-Seine;6.2;1522;1405;341.5;70.4;24.1;28.3
77483;Varreddes;7.4;812;727;238;87.3;0.1;12.5
77484;Vaucourtois;4.4;92;81;47.6;94.5;0;5.5
77485;Le Vaudoué;4.4;436;305;44.5;98.2;0;1.4
77486;Vaudoy-en-Brie;6.7;349;314;32.8;95.1;0.3;4.9
77487;Vaux-le-Pénil;3.6;4505;4312;935.1;64.8;15.6;35
77489;Vaux-sur-Lunain;11.2;89;53;24.1;100;0;0
77490;Vendrest;5;318;274;42.2;95.6;3.3;4.4
77492;Verdelot;8;440;296;27.2;83.7;0.7;4.1
77493;Verneuil-l'Étang;2.3;1175;1141;412.7;73.8;22.8;26.1
77494;Vernou-la-Celle-sur-Seine;5.4;1066;955;119.9;93.1;2.7;6.7
77495;Vert-Saint-Denis;3.7;2750;2630;443.6;92.8;9.4;6.9
77496;Vieux-Champagne;10.4;85;70;21;98.8;0;1.2
77498;Vignely;3.5;106;101;79.6;90.7;0;8.5
77500;Villebéon;7.1;238;175;29;100;0;0
77501;Villecerf;6;347;294;64.6;98.9;0;1.1
77504;Villemaréchal;5.5;416;328;59.6;99.5;0;0.2
77505;Villemareuil;1.4;138;136;38.2;98.6;0;1.4
77506;Villemer;8.9;328;278;39.1;93.5;0.7;6.5
77507;Villenauxe-la-Petite;9.6;251;204;23.1;97.6;8.1;0
77508;Villeneuve-le-Comte;6.4;779;722;96.6;80;0.7;19.9
77509;Villeneuve-les-Bordes;4.1;270;236;29.2;97.8;0;0.7
77510;Villeneuve-Saint-Denis;19.3;391;306;117.2;77.1;4.2;22.9
77511;Villeneuve-sous-Dammartin;4.6;289;263;87.4;59.2;3.1;40.4
77512;Villeneuve-sur-Bellot;10.8;569;456;121;95.7;0;3.6
77513;Villenoy;7.6;1840;1693;579.9;55.1;21.4;44.4
77514;Villeparisis;6.9;10676;9880;3122.8;46.9;14.1;52.8
77515;Villeroy;5.1;256;242;125.6;96.5;0;3.5
77516;Ville-Saint-Jacques;6.9;315;284;69.2;96.5;0;3.2
77517;Villevaudé;6.9;683;611;208.4;93.9;0;5.2
77518;Villiers-en-Bière;7;94;85;20.5;89.9;0;9
77519;Villiers-Saint-Georges;10.2;504;432;36.4;92.2;11.1;7.8
77520;Villiers-sous-Grez;5.9;408;321;60.8;98.8;0;1.2
77521;Villiers-sur-Morin;11.5;876;721;306.1;87.6;0.1;7.4
77522;Villiers-sur-Seine;12.2;164;122;26.6;100;0;0
77523;Villuis;5.9;136;108;29.2;100;0;0
77524;Vimpelles;12;269;198;45.7;97;0;2.6
77525;Vinantes;4.5;137;130;70.2;94.3;0;3.5
77526;Vincy-Manoeuvre;4.2;95;90;54.2;100;0;0
77527;Voinsles;3.4;235;214;21.4;98.3;0;1.7
77528;Voisenon;3.9;434;411;328.6;94.9;0;4.3
77529;Voulangis;2.5;629;573;160.6;96.3;0;3.2
77530;Voulton;8.2;140;118;11.6;100;0;0
77531;Voulx;19;933;714;139.8;87;3.9;13
77532;Vulaines-lès-Provins;16.6;37;29;6.4;91.9;0;8.1
77533;Vulaines-sur-Seine;5;1070;977;602.7;95.1;1.7;4
77534;Yèbles;3.5;286;273;68.8;95.5;0;4.1
78003;Ablis;130.4;1291;1192;85.7;5.6;13.9;6.7
78005;Achères;2216.4;8671;8384;33.9;45.7;65.5;2.9
78006;Adainville;75;413;304;98.8;0;0;6.5
78007;Aigremont;374;420;396;93.3;1.8;6.7;5
78009;Allainville;18.5;126;111;96.9;0;2.3;9.3
78010;Les Alluets-le-Roi;167.4;484;448;94.3;0;5.3;5.3
78013;Andelu;118.7;174;163;94.9;0;4.6;2.9
78015;Andrésy;1753.5;5434;4967;48;9.9;51;7
78020;Arnouville-lès-Mantes;91.2;383;336;95.3;0;4.2;8.1
78029;Aubergenville;1299;4890;4629;38;36.9;62;4.7
78030;Auffargis;113.9;838;774;86.1;2.6;12.2;4.4
78031;Auffreville-Brasseuil;272.6;279;255;95.7;0;4.3;5
78033;Aulnay-sur-Mauldre;516.6;502;445;90.4;0.2;8.8;7.6
78034;Auteuil;205.5;361;335;99.4;0;0;4
78036;Autouillet;95.3;210;177;95.2;0;4.8;6.7
78043;Bailly;592;1595;1513;40.4;4.6;59.4;4.1
78048;Bazainville;120.4;587;533;94.2;0;5.3;3.9
78049;Bazemont;232.6;681;608;95.6;0;4.1;5.8
78050;Bazoches-sur-Guyonne;100.5;292;214;96.5;0;3.1;7
78053;Béhoust;88;210;178;99;0;1;5.9
78057;Bennecourt;260.4;806;705;90.2;0.3;4.7;7.2
78062;Beynes;407.7;3148;2972;72.8;7.3;26.8;4.4
78068;Blaru;61.3;379;340;94.7;0;4.5;4.5
78070;Boinville-en-Mantois;63.9;144;131;95.5;0;4.5;7
78071;Boinville-le-Gaillard;49.3;244;221;98.8;0;0.8;5.4
78072;Boinvilliers;78.6;125;110;95.4;1.7;4.6;1.8
78073;Bois-d'Arcy;2569.5;5936;5541;33.9;12.3;63.6;3.8
78076;Boissets;64.9;128;107;94.6;0;5.4;5.5
78077;La Boissière-École;30.4;384;292;91.1;1.7;8.9;10.4
78082;Boissy-Mauvoisin;121.3;270;240;88.5;0;11.5;5.6
78084;Boissy-sans-Avoir;153;254;231;91;2.9;7.9;5.5
78087;Bonnelles;179.8;835;771;84.9;2.9;14.7;4
78089;Bonnières-sur-Seine;597.3;2067;1867;50.8;30.6;48.5;9.1
78090;Bouafle;303.8;948;850;81.9;1.8;16.7;8.4
78092;Bougival;3205.8;3978;3631;28.2;13.1;70.6;7.5
78096;Bourdonné;47.5;284;219;94;0;5.7;8.6
78104;Breuil-Bois-Robert;193.3;297;273;91.5;0;7.8;5.5
78107;Bréval;163.7;808;739;88;0;10.9;5.4
78108;Les Bréviaires;64.5;659;536;62.1;0;8.8;2.6
78113;Brueil-en-Vexin;94.8;288;255;93.2;0;6.8;5.1
78117;Buc;701.4;2497;2331;48.3;11.6;48.5;3.2
78118;Buchelay;593.1;1111;1061;72.1;20.2;27.9;3.7
78120;Bullion;92.8;764;686;91.4;4.6;8.2;3.6
78123;Carrières-sous-Poissy;2133.9;6515;6012;31.3;28.6;65.9;4.4
78124;Carrières-sur-Seine;3038.2;6460;6007;40.8;15.5;57.4;3.4
78125;La Celle-les-Bordes;37.2;368;319;97.9;0;2.1;5.9
78126;La Celle-Saint-Cloud;3655.5;9118;8577;25.6;29.2;73;5
78128;Cernay-la-Ville;165.2;689;633;86.4;0.3;13.5;4.1
78133;Chambourcy;736;2525;2324;39.8;18.6;59.7;6.5
78138;Chanteloup-les-Vignes;3064.3;3579;3315;40;42.9;59.4;7
78140;Chapet;243.9;486;453;96.9;0;2.3;5.6
78143;Châteaufort;281.8;569;514;86.7;0;13.1;7.9
78146;Chatou;6078;13791;12905;29.6;13.6;68.5;4.8
78147;Chaufour-lès-Bonnières;148.3;185;165;93.4;0;6.6;4.9
78152;Chavenay;304.5;712;669;91.5;0;8;4
78158;Le Chesnay;6742.9;14396;13232;14;10.5;84.2;5.6
78160;Chevreuse;425.4;2600;2325;59.4;10.7;38.3;6.4
78162;Choisel;61.7;240;202;95;0;4.6;9
78163;Civry-la-Forêt;37.9;155;139;100;0;0;5
78164;Clairefontaine-en-Yvelines;47.7;379;300;91.6;0;8.4;6.4
78165;Les Clayes-sous-Bois;2891.7;7466;7145;43.3;19.7;56.5;3.3
78168;Coignières;523.8;1609;1498;53.9;25;40.4;5.5
78171;Condé-sur-Vesgre;107.9;559;436;88.3;0;5;8.1
78172;Conflans-Sainte-Honorine;3522.8;14756;13758;54.2;18.3;44.4;6
78185;Courgent;195;185;157;98.9;0;1.1;1.6
78188;Cravent;72.4;177;148;97.2;0;2.8;5.6
78189;Crespières;105.1;662;602;94;0;5.8;5.5
78190;Croissy-sur-Seine;2888.4;4265;3999;50.5;8.4;48.7;4.9
78192;Dammartin-en-Serve;79.4;452;415;91.6;1.7;8;3.3
78193;Dampierre-en-Yvelines;93.1;511;420;83.6;4.3;15.9;10.2
78194;Dannemarie;63.1;110;97;89.8;0;10.2;6.8
78196;Davron;52.3;166;120;83.1;0;11.4;12.7
78202;Drocourt;141.9;224;204;88.9;2;11.1;4.2
78206;Ecquevilly;361.7;1745;1521;60.6;14.9;39.1;12.3
78208;Élancourt;3050.3;11045;10286;34.2;20.2;64.8;6.3
78209;Émancé;73.9;396;341;92.3;0;7.7;5.6
78217;Épône;507;2886;2502;65.5;15.5;25.4;4.6
78220;Les Essarts-le-Roi;352.3;2903;2695;69.7;17.6;30;5.9
78224;L'Étang-la-Ville;881.6;1982;1857;65.9;2;32.8;4.3
78227;Évecquemont;315.6;344;321;87.2;0;11.6;5.7
78230;La Falaise;193;244;232;88.6;0;11.4;4.9
78231;Favrieux;46.5;68;60;91.2;0;4.4;8.8
78233;Feucherolles;219.1;1106;1029;95.5;0.4;4.3;4.5
78234;Flacourt;30.6;73;55;83.7;0;13.6;20.5
78236;Flexanville;66.1;245;225;96.4;0;3.2;3.7
78237;Flins-Neuve-Église;127.6;69;58;100;1.7;0;0
78238;Flins-sur-Seine;268.5;1055;981;69.6;4.1;28.2;6.3
78239;Follainville-Dennemont;193.3;756;693;89.2;3.3;10;5.2
78242;Fontenay-le-Fleury;2435;6314;5879;17.1;17.8;81.8;5.7
78245;Fontenay-Mauvoisin;119.3;166;153;99.3;0;0;5.4
78246;Fontenay-Saint-Père;76.3;441;381;93.7;1.6;6.1;8.2
78251;Fourqueux;1094.3;1670;1538;66.9;10.1;32.9;6.7
78255;Freneuse;414.8;1762;1584;73.4;17.2;21.7;4.3
78261;Gaillon-sur-Montcient;140.6;295;271;87.5;0;12.5;5.4
78262;Galluis;251;487;416;92.8;0;6;9.1
78263;Gambais;104.9;1038;869;97.4;0;2.4;6.2
78264;Gambaiseuil;3.5;34;28;100;0;0;10.7
78265;Garancières;221.2;1128;982;78.9;0;9;5.7
78267;Gargenville;804.8;2841;2665;77.9;8.6;20.7;5.5
78269;Gazeran;49.6;517;469;93.1;0.4;6.1;5.3
78276;Gommecourt;119.9;318;277;94.3;0.4;4.1;5.5
78278;Goupillières;90.9;233;189;96.1;0;3.4;12.3
78281;Goussonville;131.8;279;227;86.3;0;13.7;13.4
78283;Grandchamp;53.2;132;114;99.2;0;0;4.7
78285;Gressey;77.5;255;212;92.9;0;7.1;3.6
78289;Grosrouvre;75.4;460;356;96.2;0;3.3;8.3
78290;Guernes;126.7;476;429;95;0;4.8;8
78291;Guerville;213.5;931;846;87.4;1.4;12.2;7.7
78296;Guitrancourt;84.7;261;239;93;0;6.2;3.3
78297;Guyancourt;2102.2;11524;10825;26.2;42.8;72.8;3.9
78299;Hardricourt;627.7;941;820;75.5;12.7;23.1;11.2
78300;Hargeville;61.9;173;161;92.3;0;7.7;3.4
78302;La Hauteville;36.6;139;77;98.6;0;1.4;5.8
78305;Herbeville;40.2;129;108;88.2;0;8.7;7.3
78307;Hermeray;52.3;489;362;95.7;1.7;4.1;8.4
78310;Houdan;333.4;1815;1569;47.4;13.4;52;11.9
78311;Houilles;7332.1;14191;13263;45.7;13.2;53.6;5.9
78314;Issou;887.9;1536;1451;85.5;7;14.3;4.6
78317;Jambville;175.3;312;279;94.9;0;4.8;5.4
78320;Jeufosse;117.6;190;164;91.5;0;7.4;5.7
78321;Jouars-Pontchartrain;546.9;2115;1934;82.7;2.7;16.4;5.3
78322;Jouy-en-Josas;819.4;2923;2725;47.2;8.7;51.9;4.3
78324;Jouy-Mauvoisin;197.2;219;212;94.5;0.5;5.5;1.6
78325;Jumeauville;78.1;278;230;94.2;0;5.5;11.7
78327;Juziers;386.6;1891;1548;81.5;4.7;18.1;6.9
78329;Lainville-en-Vexin;106.3;401;305;99;0;0.8;3.3
78334;Lévis-Saint-Nom;200.4;719;648;95.9;0;3.8;5.5
78335;Limay;1406.3;6497;6030;51.4;30.2;48;6.3
78337;Limetz-Villez;207.4;836;730;93.3;0;5.3;5.4
78343;Les Loges-en-Josas;607.7;584;522;86.7;5.6;13;10.2
78344;Lommoye;71.2;275;232;99.6;0;0;6.4
78346;Longnes;105.2;641;558;92.3;0.2;7.4;7.3
78349;Longvilliers;35.7;227;196;99.1;0;0.9;5.8
78350;Louveciennes;1314.5;3182;2749;29.3;12.8;69.7;7.4
78354;Magnanville;1399.3;2133;2082;81.4;22.9;18.3;2.3
78356;Magny-les-Hameaux;549;3545;3311;67.4;29.7;32.1;3.1
78358;Maisons-Laffitte;3511.9;11458;10446;27.5;8.8;71.6;6.8
78361;Mantes-la-Jolie;4795.8;17620;16644;17.8;42.2;81.4;4.7
78362;Mantes-la-Ville;3276.9;8317;7812;43.7;37.1;55.5;5.6
78364;Marcq;158.7;332;285;92.6;2.1;7.4;8.9
78366;Mareil-le-Guyon;89.5;155;143;89.3;0;10.7;7.2
78367;Mareil-Marly;2012.4;1369;1279;72.2;0.8;26.6;4.2
78368;Mareil-sur-Mauldre;403;695;652;92.2;0.3;7.8;3.5
78372;Marly-le-Roi;2497.1;7800;7191;20.9;7.8;78.3;7.1
78380;Maule;332;2490;2267;75.6;9.9;23.9;7.2
78381;Maulette;110.5;368;330;91.1;0;8.1;5.3
78382;Maurecourt;1206;1675;1603;69;16.5;30.6;3.6
78383;Maurepas;2255.9;8353;7772;45.2;12.9;54.5;5.6
78384;Médan;492.6;686;529;81;0.4;6.1;7
78385;Ménerville;61.5;86;79;100;0;0;7.2
78389;Méré;165.1;740;658;93.1;0;6.9;5.6
78391;Méricourt;188.4;185;158;91.5;0;8;6.8
78396;Le Mesnil-le-Roi;1948;2555;2383;54.2;20.3;45.1;5.3
78397;Le Mesnil-Saint-Denis;746.8;2790;2607;79.9;3.3;20;4.4
78398;Les Mesnuls;134.5;430;343;96.8;0;2.1;5.8
78401;Meulan-en-Yvelines;2670.8;4332;4022;30.3;24.7;69.2;6.5
78402;Mézières-sur-Seine;350;1408;1308;83;4.7;16.6;5.5
78403;Mézy-sur-Seine;419.5;1038;733;91.3;4.1;8.7;5.2
78404;Millemont;42.4;127;101;96;0;3.2;9.6
78406;Milon-la-Chapelle;85.6;107;89;95.6;0;4.4;3.6
78407;Mittainville;57;272;218;99.6;0;0;4.9
78410;Moisson;96.8;502;374;96.6;0;3.2;5.2
78413;Mondreville;92.3;158;146;95.5;0;4.5;2.5
78415;Montainville;109.2;245;194;93.2;0.5;6.8;9
78416;Montalet-le-Bois;110.6;129;123;95.5;0;4.5;1.5
78417;Montchauvet;33.5;164;117;96.4;0;3;8.4
78418;Montesson;2055.2;6117;5746;52.8;12.5;45.7;4.8
78420;Montfort-l'Amaury;519.3;1323;1120;67.4;4.9;32.3;8.5
78423;Montigny-le-Bretonneux;2854.2;14200;13513;31.3;19.4;68.2;3.6
78431;Morainvilliers;374.9;1012;921;93.6;0.8;5.8;7.6
78437;Mousseaux-sur-Seine;93.9;301;258;95.3;0;4;6.3
78439;Mulcent;27.4;42;35;95.4;0;4.6;9.5
78440;Les Mureaux;2639.4;11443;10605;34.4;39.4;64.5;6.6
78442;Neauphle-le-Château;1457.7;1428;1296;60;2.1;39.9;5.8
78443;Neauphle-le-Vieux;127.8;380;347;85.8;0;13.9;4.8
78444;Neauphlette;88.3;334;308;99.7;0;0.3;2.8
78451;Nézel;853.4;445;409;86.2;1.5;13.5;6.2
78455;Noisy-le-Roi;1402.8;3277;3043;49.2;8.7;48.5;5.2
78460;Oinville-sur-Montcient;282.4;471;435;91.6;1.4;7.8;5.2
78464;Orcemont;86.5;358;334;89.7;2.2;10.3;3.5
78465;Orgerus;161.5;1061;949;91.3;0.9;8.3;5.4
78466;Orgeval;392.4;2346;2177;89.7;5.4;9.6;5.2
78470;Orphin;54.5;392;345;90.9;0;8.8;7.7
78472;Orsonville;35.1;134;123;99.2;0;0.8;3
78474;Orvilliers;126.9;372;274;91.8;0;8.2;18.4
78475;Osmoy;137.8;160;139;99.4;0;0.6;6.9
78478;Paray-Douaville;24.7;88;79;93.4;0;5.6;5
78481;Le Pecq;5749.3;7561;7066;26.4;16;73.4;5.4
78484;Perdreauville;56;259;221;98.5;0;1.2;6.2
78486;Le Perray-en-Yvelines;499.9;3068;2874;70.3;4.4;27.9;5.1
78490;Plaisir;1699.8;12531;11963;37.8;27.5;61.4;3.9
78497;Poigny-la-Forêt;41.8;448;357;96.5;1.1;3.3;8.3
78498;Poissy;2785.7;17244;15933;17.8;33.1;80.8;5.7
78499;Ponthévrard;241.2;228;213;99.6;0;0.4;3.1
78501;Porcheville;656.1;1135;1035;83.5;7;10.2;7.8
78502;Le Port-Marly;3759;2451;2166;13;29.1;86.5;7.7
78503;Port-Villez;45.6;111;91;98.2;0;0.9;1.9
78505;Prunay-le-Temple;64.4;174;154;97.6;0.7;2.4;6.7
78506;Prunay-en-Yvelines;30.6;378;326;96.6;0;3.4;6.7
78513;La Queue-les-Yvelines;378.3;935;844;72.4;2.6;27;6.9
78516;Raizeux;88.4;402;342;95.5;3.2;4;4.3
78517;Rambouillet;731.9;12365;11386;36.9;18.3;61.7;6
78518;Rennemoulin;50.5;50;38;96;0;4;19.4
78520;Richebourg;146.7;513;460;95;1.1;4.2;6.9
78522;Rochefort-en-Yvelines;71.7;467;366;80.4;0.3;19.6;10
78524;Rocquencourt;1150.7;1654;1523;4.8;7.1;93.4;4.8
78528;Rolleboise;138.5;191;160;76.2;9;22.2;12.5
78530;Rosay;80.6;192;146;97.9;0;2.1;6.8
78531;Rosny-sur-Seine;301.8;2362;2115;81.1;9.8;18.2;9.2
78536;Sailly;70.1;182;136;86.8;2.9;13.2;6
78537;Saint-Arnoult-en-Yvelines;484.2;2643;2415;77.5;4.9;22.1;6.1
78545;Saint-Cyr-l'École;3661.5;8236;7603;20.4;33;79;6.6
78548;Saint-Forget;82.3;219;189;93.8;0;5.8;8.6
78550;Saint-Germain-de-la-Grange;353.7;707;673;92.2;0;6.9;3.8
78551;Saint-Germain-en-Laye;819.1;19295;17174;16.3;17.9;82.3;7.8
78557;Saint-Hilarion;63;382;332;93.3;0;5.7;6.1
78558;Saint-Illiers-la-Ville;53.1;275;122;48.1;0.8;7.8;9.1
78559;Saint-Illiers-le-Bois;101.1;197;165;91.8;0;6.2;8.3
78561;Saint-Lambert;67.8;180;164;90;4.9;10;2.8
78562;Saint-Léger-en-Yvelines;41.2;714;579;85.9;6;13;7.8
78564;Saint-Martin-de-Bréthencourt;38.7;289;243;92.7;0;7.3;8.3
78565;Saint-Martin-des-Champs;51.2;157;128;94.3;0;5;7
78567;Saint-Martin-la-Garenne;62.6;447;386;87.9;1.6;11.2;6.3
78569;Sainte-Mesme;112.1;380;329;91.7;0;8;6.3
78571;Saint-Nom-la-Bretèche;423.5;2033;1825;85.7;0.1;13.1;6.5
78575;Saint-Rémy-lès-Chevreuse;795.6;3182;2852;80.9;6.7;18.8;7.2
78576;Saint-Rémy-l'Honoré;140.9;608;542;79.3;2.3;20.3;4.4
78586;Sartrouville;6116.7;21621;20357;38.1;23.9;60.8;5
78588;Saulx-Marchais;429.6;359;334;78.6;0;21.4;4.5
78590;Senlisse;65.3;265;223;92.4;0.5;7.6;6.3
78591;Septeuil;248.6;1032;871;86;0.1;13.8;7.2
78597;Soindres;128.9;241;230;92.1;0.9;7.9;2.9
78601;Sonchamp;34.9;716;618;90.5;0.5;9.1;6.9
78605;Tacoignières;327.8;407;382;97.1;0.3;2;3.1
78606;Le Tartre-Gaudran;7.7;17;13;100;0;0;0
78608;Le Tertre-Saint-Denis;41.2;54;40;98.1;0;1.9;11.6
78609;Tessancourt-sur-Aubette;225.2;376;355;97.3;0;2.7;3.6
78615;Thiverval-Grignon;98.7;316;277;79.9;1.1;17.9;8.7
78616;Thoiry;188.2;582;540;71;10.9;28.8;5.2
78618;Tilly;69.5;243;211;97.1;0;2.9;4.9
78620;Toussus-le-Noble;290;399;382;81.9;15.2;17.8;3.2
78621;Trappes;2364.8;11538;10817;19.5;60.3;78.6;5.8
78623;Le Tremblay-sur-Mauldre;152.1;388;353;81.2;0;18.3;5.9
78624;Triel-sur-Seine;881.7;4931;4530;71.8;7.6;26.9;5.7
78638;Vaux-sur-Seine;558;2015;1833;77.4;7.7;22.2;6
78640;Vélizy-Villacoublay;2312.9;10052;9370;14.8;19.6;83;5.6
78642;Verneuil-sur-Seine;1593.2;6518;6136;40;25.6;58.9;4.9
78643;Vernouillet;1529.6;3614;3447;60.6;24.9;38.3;4
78644;La Verrière;3387;2005;1938;28.7;64.1;70.1;2.9
78646;Versailles;3264.4;41254;36468;11;16.3;87.9;8.2
78647;Vert;223.7;378;335;93.5;0;6.5;6.8
78650;Le Vésinet;3185.8;7233;6593;45.4;6.8;52.4;6.9
78653;Vicq;80.8;141;130;87.7;2.2;7.7;5.9
78655;Vieille-Église-en-Yvelines;75.6;303;285;92.1;0;7.9;3.3
78668;La Villeneuve-en-Chevrie;51;270;231;92.6;0;4.2;8.4
78672;Villennes-sur-Seine;1018.7;2305;1965;69.3;5.2;26.7;6.6
78674;Villepreux;963.8;3824;3686;72.2;12.9;26.2;3.1
78677;Villette;114.3;229;197;99.1;0;0.9;3.1
78681;Villiers-le-Mahieu;102.7;273;253;98.5;3.6;1.1;4.5
78683;Villiers-Saint-Frédéric;542.9;1122;1044;91.5;0.8;8.2;5.1
78686;Viroflay;4433.2;7152;6533;35.1;11.6;62.9;7
78688;Voisins-le-Bretonneux;4772.3;4491;4332;65.7;9.1;33.3;2.4
91001;Abbéville-la-Rivière;5.1;136;107;20;98.5;0;0
91016;Angerville;14.1;1890;1588;161.9;75.6;9.8;23.6
91017;Angervilliers;4.7;581;547;181.8;90.4;0;9.5
91021;Arpajon;7.1;5179;4749;4409.2;22.4;20.6;76
91022;Arrancourt;0;62;50;18.8;100;0;0
91027;Athis-Mons;5.8;13574;12713;3672.2;35.7;29;62.8
91035;Authon-la-Plaine;5.2;154;137;34.8;96.8;0;3.2
91037;Auvernaux;3;134;130;53.8;85.7;0;13.5
91038;Auvers-Saint-Georges;3.2;535;497;100.3;83.5;0;16.1
91041;Avrainville;6.1;358;326;101.2;84.8;6;14.7
91044;Ballainvilliers;5.5;1611;1512;1041.9;65.7;10.6;34
91045;Ballancourt-sur-Essonne;5.5;3123;2913;664.5;70;16.1;29.1
91047;Baulne;8.3;607;546;159.6;80;0;19.7
91064;Bièvres;4.9;1908;1781;464.3;55.4;11.3;44
91067;Blandy;10.9;55;46;15.3;100;0;0
91069;Boigneville;10.1;243;176;25.1;86.4;2.3;13.6
91075;Bois-Herpin;12.5;32;28;19.5;96.9;0;3.1
91079;Boissy-la-Rivière;3.2;258;221;47.4;97.2;0;2.4
91080;Boissy-le-Cutté;6.2;510;476;286.5;84.7;0.6;15.1
91081;Boissy-le-Sec;7.9;293;257;35.7;93.5;0;6.1
91085;Boissy-sous-Saint-Yon;4.2;1568;1462;466.4;79;4.9;20.2
91086;Bondoufle;2.7;3423;3324;1350.9;81.7;10.5;18.1
91093;Boullay-les-Troux;3.4;240;220;130.2;98.8;0;1.2
91095;Bouray-sur-Juine;5.9;909;832;304.6;85.4;1.2;14.3
91097;Boussy-Saint-Antoine;4.8;2953;2793;2389;37.9;14.5;59.3
91098;Boutervilliers;9.7;175;146;60.5;92.1;0;6.7
91099;Boutigny-sur-Essonne;6.1;1310;1162;184.8;88.1;3.9;10.8
91100;Bouville;4.8;293;256;31.4;97.3;0;1.4
91103;Brétigny-sur-Orge;6.3;11139;10368;1768;41.1;25;57.2
91105;Breuillet;3.8;3315;3161;1258.4;77.8;16.9;20.9
91106;Breux-Jouy;2.9;499;472;267.1;92.7;0.2;6.5
91109;Brières-les-Scellés;5.6;455;426;137;97;0;2.1
91111;Briis-sous-Forges;3.8;1339;1271;335;80.3;6.9;14.8
91112;Brouy;8.4;62;53;16.9;100;0;0
91114;Brunoy;5.9;11188;10429;3943.2;49.1;16.1;49.9
91115;Bruyères-le-Châtel;5.4;1448;1342;261.7;68.6;9.4;30.2
91121;Buno-Bonnevaux;6;268;191;29.5;98.8;0.6;1.2
91122;Bures-sur-Yvette;5.1;4039;3734;2328.1;65.8;6.4;32.8
91129;Cerny;5.4;1415;1287;195.8;86.6;0;13
91130;Chalo-Saint-Mars;4.7;530;449;40.9;90.9;0;9.1
91131;Chalou-Moulineux;4.3;194;169;40.6;96.4;0;3.1
91132;Chamarande;7.6;492;450;200;79.8;0;19.8
91135;Champcueil;3.5;938;873;174.4;85.5;12.1;13.7
91136;Champlan;4.9;1047;988;732.1;75.8;7.6;21.7
91137;Champmotteux;5.6;153;135;50.1;99.3;0;0.7
91145;Chatignonville;19.2;33;24;11.1;97.3;0;2.7
91148;Chauffour-lès-Étréchy;7.2;56;51;29.8;90.9;0;9.1
91156;Cheptainville;6;774;715;268.8;82.2;1.4;17.6
91159;Chevannes;2.1;632;618;171.2;76.3;21.1;23.5
91161;Chilly-Mazarin;5.7;8840;8199;3593.9;16.8;16.2;82.9
91174;Corbeil-Essonnes;8;21470;19626;4484.4;24.5;26.9;73.9
91175;Corbreuse;6.5;706;649;112;81;9;19
91179;Le Coudray-Montceaux;5.1;1997;1828;418.9;56;15.6;43.3
91180;Courances;9.2;185;143;41.2;94.6;0;5.4
91182;Courcouronnes;5;5243;4935;3035.5;33.4;33.7;65.7
91184;Courdimanche-sur-Essonne;3.3;151;107;47.5;78.1;0;0
91186;Courson-Monteloup;0.8;239;234;161.2;83.4;0;16.2
91191;Crosne;5.4;3853;3624;3648.4;43.7;11.7;56
91195;Dannemois;9;429;359;99.5;86.3;0.3;11.9
91198;D'Huison-Longueville;2.4;614;578;149.8;92.2;0.2;7.8
91200;Dourdan;7.8;4951;4458;342.9;41.5;27.4;56.7
91201;Draveil;5.9;12031;11213;1849.7;51.1;26.6;47.6
91204;Écharcon;2.6;317;305;114.4;84.5;0;14.9
91207;Égly;3.9;2133;2034;1411.1;53.2;30.3;46.1
91215;Épinay-sous-Sénart;4.5;4645;4406;3498.9;17.7;39.1;82.2
91216;Épinay-sur-Orge;4.4;4395;4184;2424.8;64.1;9;35.1
91222;Estouches;15.8;101;83;40.6;100;0;0
91223;Étampes;8.3;10978;9964;598.8;34.3;21.5;64.5
91225;Étiolles;7.8;1506;1351;281.6;55.2;5.2;44.6
91226;Étréchy;4.5;2955;2778;462.7;77.2;4.1;22.7
91228;Évry;5.9;21978;20378;6446.5;11.5;33.2;85.8
91232;La Ferté-Alais;6.9;1704;1556;865.7;62.5;12.9;37.4
91235;Fleury-Mérogis;3.1;1904;1766;1427.3;33.5;67.9;62.1
91240;Fontaine-la-Rivière;6;101;89;66.4;73.2;0;26.8
91243;Fontenay-lès-Briis;6.2;786;718;202.9;83.3;3.3;16.1
91244;Fontenay-le-Vicomte;5.6;487;454;186.7;83.4;8.8;16.4
91247;La Forêt-le-Roi;2.2;190;182;64.4;99;0;1
91248;La Forêt-Sainte-Croix;10.9;83;60;30.6;93.8;0;6.2
91249;Forges-les-Bains;5.2;1532;1423;258.3;82.8;1.4;16.4
91272;Gif-sur-Yvette;5.3;8952;8285;1821.5;52.8;10.2;46.1
91273;Gironville-sur-Essonne;7;342;296;59.2;94.2;0;5.8
91274;Gometz-la-Ville;5.6;584;543;146.5;78.1;1.8;21.9
91275;Gometz-le-Châtel;4.3;1119;1005;510.7;75.7;6.4;23.3
91284;Les Granges-le-Roi;2.7;447;429;93.8;94.9;1.2;5.1
91286;Grigny;7.8;9889;9089;5810.1;11;40;88
91292;Guibeville;1.6;252;248;276.6;92.1;0;7.9
91293;Guigneville-sur-Essonne;5.9;387;350;105.1;88.4;1.4;11.6
91294;Guillerval;8.6;358;309;46.8;92.4;0;6.5
91312;Igny;7.2;4379;4011;2633;62.8;15.5;34.4
91315;Itteville;3;2572;2448;547;90.3;5.8;9
91318;Janville-sur-Juine;3.8;837;781;182.8;86.2;3.6;13.4
91319;Janvry;5.2;267;245;77.3;91.4;0;8.2
91326;Juvisy-sur-Orge;5.6;8235;7655;7214.3;24.7;22.1;74.7
91330;Lardy;5.5;2332;2131;724;81.9;4.4;18
91332;Leudeville;4;573;543;183.9;79.3;0.2;20.6
91333;Leuville-sur-Orge;6.4;1680;1554;1719.3;80.7;6.8;17.9
91338;Limours;4.1;2858;2699;469;72.9;9.6;24.8
91339;Linas;6.8;2687;2478;900.9;71.4;7.1;27.1
91340;Lisses;3.2;2928;2826;735.6;70.5;26.3;27
91345;Longjumeau;6.3;9427;8768;4488.6;28.8;29.4;68.4
91347;Longpont-sur-Orge;4.7;2654;2506;1287.7;77.9;4.7;21.1
91359;Maisse;11.2;1262;1080;126.3;83.8;0;14.9
91363;Marcoussis;4.3;3322;3146;483.8;73.6;10.3;25.2
91374;Marolles-en-Beauce;3.7;87;80;35.2;98.8;0;1.2
91376;Marolles-en-Hurepoix;4.6;2115;1993;795.2;75.6;12.9;23.7
91377;Massy;4.1;21669;20461;5129.6;11.6;28;87.5
91378;Mauchamps;3.7;108;100;86.4;97.2;0;2.8
91386;Mennecy;6.8;5947;5478;1231.7;63;16.8;36.1
91390;Méréville;9.6;1461;1265;117.1;87.2;1.9;12.5
91393;Mérobert;9.2;236;211;54.7;94.6;0;5.4
91399;Mespuits;8.8;84;72;20.5;98.8;0;0
91405;Milly-la-Forêt;7.4;2328;2058;141.6;75.9;3.3;23.6
91408;Moigny-sur-École;7.6;606;512;104.3;95.8;0.4;2.8
91411;Les Molières;3.7;726;690;290.9;92;2.8;7.7
91412;Mondeville;6.8;314;278;105.7;94.2;0;5.8
91414;Monnerville;8.9;180;158;48.1;92.8;0;7.2
91421;Montgeron;7;10041;9254;2104.9;52.5;20.3;47.1
91425;Montlhéry;7.6;3433;3086;2290.2;52.4;8.5;46.6
91432;Morangis;5.8;5173;4836;2621.5;65.1;7.8;34.3
91433;Morigny-Champigny;4.5;1824;1724;142;82.1;0.1;17.4
91434;Morsang-sur-Orge;4.6;8945;8454;4881.1;55.1;22.2;44.7
91435;Morsang-sur-Seine;3.9;274;219;123.2;86.5;0;1.8
91441;Nainville-les-Roches;0.4;249;192;78.1;70.3;6.2;10.4
91457;La Norville;4.4;1676;1584;908.6;84.4;10.6;15.4
91458;Nozay;3.9;1872;1785;654;66.3;7.5;33.3
91461;Ollainville;3.5;1736;1660;417.9;81.6;4;10.9
91463;Oncy-sur-École;3.7;433;383;188.1;97.4;0;2.6
91468;Ormoy;5.3;728;683;1057.4;86.7;1.8;12.8
91469;Ormoy-la-Rivière;5.6;554;355;90.8;93.3;0;5.4
91471;Orsay;5.1;7250;6761;2055.8;52.5;7.6;46.9
91473;Orveau;6.3;94;75;45.3;96.6;0;3.4
91477;Palaiseau;7.6;14577;13343;2820.2;36.2;19;63.2
91479;Paray-Vieille-Poste;6.4;3301;3037;1201.6;67.9;12.5;30.2
91482;Pecqueuse;2.6;273;260;80.1;77.7;0.4;20.4
91494;Le Plessis-Pâté;6.1;1597;1488;522.2;76.6;8.3;23
91495;Plessis-Saint-Benoist;11.1;125;110;34.5;100;0;0
91507;Prunay-sur-Essonne;2.1;142;123;61.3;96.5;6.5;2.8
91508;Puiselet-le-Marais;4.6;130;113;25.3;97.7;0;0
91511;Pussay;10.4;930;811;178.7;74.6;0.2;25.3
91514;Quincy-sous-Sénart;5.1;3714;3502;1655;52.2;17.4;47.1
91519;Richarville;6.7;175;153;38.7;100;0;0
91521;Ris-Orangis;5.5;11301;10618;3134.8;28.3;27.6;71.3
91525;Roinville;7.7;499;439;99;95;0;4.8
91526;Roinvilliers;0;34;32;12.7;100;0;0
91533;Saclas;7.7;802;711;130.5;80;9;20
91534;Saclay;4.4;1456;1364;281.5;81.4;13.4;18.3
91538;Saint-Aubin;2.1;282;272;194.4;83.4;2.9;16.6
91540;Saint-Chéron;5.6;2510;2022;436.3;62.5;10.1;24.6
91544;Saint-Cyr-la-Rivière;7.7;226;196;57.1;97.4;0;2.6
91546;Saint-Cyr-sous-Dourdan;8.2;463;402;101.7;96.3;0;3.7
91547;Saint-Escobille;6.3;195;175;42.6;97.6;0;1.9
91549;Sainte-Geneviève-des-Bois;0.7;14589;14385;3870.2;49.2;24.6;50.3
91552;Saint-Germain-lès-Arpajon;4.7;3742;3519;1577.8;61.1;22.1;37.8
91553;Saint-Germain-lès-Corbeil;2.2;3083;2991;1510.3;76.4;8.3;23.5
91556;Saint-Hilaire;5.8;175;154;58.3;98.4;0;1.6
91560;Saint-Jean-de-Beauregard;9.2;146;128;83.1;86.6;1.3;12.8
91568;Saint-Maurice-Montcouronne;3.1;584;559;175.4;94;0.2;4.8
91570;Saint-Michel-sur-Orge;7.6;9077;8301;3761.1;32.7;20.1;66.1
91573;Saint-Pierre-du-Perray;10.3;4245;3770;875.8;56.7;17.2;42.8
91577;Saintry-sur-Seine;5.3;2228;2084;1671.1;81.5;8.1;18.1
91578;Saint-Sulpice-de-Favières;7.5;157;116;75.1;99.4;0;0.6
91579;Saint-Vrain;4.7;1265;1180;264.6;79.9;2.6;19.9
91581;Saint-Yon;6.7;381;339;190.3;92.6;0;7.2
91587;Saulx-les-Chartreux;4.7;2199;2031;677.3;67.5;13;32.1
91589;Savigny-sur-Orge;6.9;16538;15203;5314.9;54;13.8;44.7
91593;Sermaise;6.4;696;631;121.5;94.5;0;4.5
91599;Soisy-sur-École;24.3;873;600;115.8;63.7;0;33.7
91600;Soisy-sur-Seine;6.5;3117;2882;811.2;63.9;11.1;35.5
91602;Souzy-la-Briche;4.9;163;149;54.8;71.8;1.3;27.6
91613;Congerville-Thionville;1.1;90;87;27.3;98.9;0;1.1
91617;Tigery;12.6;1329;1158;387.3;63.6;11.4;24.5
91619;Torfou;6.1;115;100;74.9;93.9;0;5.2
91629;Valpuiseaux;10.9;307;237;32.8;99.4;0;0
91630;Le Val-Saint-Germain;5.6;619;540;112.8;92.1;0;5
91631;Varennes-Jarcy;4.6;911;848;425.4;88.4;3.9;11.4
91634;Vaugrigneuse;9.2;547;484;211.7;82.5;0;17.3
91635;Vauhallan;4.3;814;767;581.1;87.1;2.1;12.7
91639;Vayres-sur-Essonne;3.3;375;344;106;93;0.9;6.5
91645;Verrières-le-Buisson;5.3;6604;6179;1585.4;52.4;15.4;46.1
91648;Vert-le-Grand;6.6;977;900;154;70.7;5.9;29
91649;Vert-le-Petit;9.1;1197;1074;407.3;68.2;19.2;31.4
91654;Videlles;6.2;295;250;70.1;98.3;0;1.3
91657;Vigneux-sur-Seine;5.2;12137;11484;3543.2;44.2;37.1;54.9
91659;Villabé;7.8;2064;1898;1179.8;72;8.1;27.7
91661;Villebon-sur-Yvette;4.3;4676;4425;1399.6;48.4;12.4;50.3
91662;Villeconin;4.2;320;280;50.1;97.2;0;1.2
91665;La Ville-du-Bois;5.3;2879;2705;2014.9;78.7;6.9;20.5
91666;Villejust;4.9;924;872;427.2;74.1;0.1;22.6
91667;Villemoisson-sur-Orge;2.9;2811;2707;2971.9;78.4;7.5;21.3
91671;Villeneuve-sur-Auvers;6.7;241;222;86;97.9;0;2.1
91679;Villiers-le-Bâcle;4.8;524;497;205.8;68.9;5.2;30.7
91685;Villiers-sur-Orge;3.4;1786;1706;2432;64.6;20;34.9
91687;Viry-Châtillon;7.8;13951;12734;5164.7;32.7;30.9;65.3
91689;Wissous;4.7;3314;3128;840.9;47.6;7.4;51.8
91691;Yerres;4.7;12494;11826;2940.4;47.3;12.3;52.5
91692;Les Ulis;5;9979;9319;4727.4;6.2;51.9;92
92002;Antony;6.2;28136;26002;6443.8;32.9;18.5;66.5
92004;Asnières-sur-Seine;8.5;42786;38218;18008.1;8.6;18.6;90.1
92007;Bagneux;5.4;17065;16003;9264.2;10.8;56.4;88.3
92009;Bois-Colombes;6.1;13647;12416;14851;20.8;18.3;78.7
92012;Boulogne-Billancourt;6.9;64690;57206;18950.9;2.5;11;95.9
92014;Bourg-la-Reine;6.5;9720;8947;10688.7;20;18;79.6
92019;Châtenay-Malabry;6.2;14788;13705;5182.9;10.2;38.6;89
92020;Châtillon;4.2;17521;16494;12701.7;13.5;24.4;85.7
92022;Chaville;6.4;9305;8526;5526.5;24.8;19;74.4
92023;Clamart;5.8;23679;21839;5981.4;28.9;26.6;70.7
92024;Clichy;7.7;30388;27300;19410.1;1.4;29.4;96.3
92025;Colombes;6.5;36917;34030;10805.6;26.3;28;72.9
92026;Courbevoie;9.1;47118;39233;20301.7;3.2;20.9;94.7
92032;Fontenay-aux-Roses;7;11054;10125;9141.8;16.1;31.5;81.5
92033;Garches;7.6;8234;7406;6565.8;23.2;12.7;75.8
92035;La Garenne-Colombes;7.2;14635;13148;16332.6;10.4;12.2;88.4
92036;Gennevilliers;6.2;17754;16621;3726.5;9.5;58;88.9
92040;Issy-les-Moulineaux;5.5;34105;30925;15849.4;6.5;24;90.4
92044;Levallois-Perret;6.9;34733;31277;27126.1;1.1;19;97.2
92046;Malakoff;5;15535;14360;14699.5;13.9;40.2;83.9
92047;Marnes-la-Coquette;6.7;670;621;492;64.1;14.5;35.9
92048;Meudon;6.1;21119;19472;4596.7;14.1;21.6;84.6
92049;Montrouge;5.3;26501;24412;23649.3;3.6;17.4;95.4
92050;Nanterre;4.9;38326;35991;7671;14.7;49.2;84.3
92051;Neuilly-sur-Seine;8.1;35086;29587;16642.1;3;5;93.7
92060;Le Plessis-Robinson;4.1;13479;12627;8428.9;11.1;32.7;88.1
92062;Puteaux;7.3;23368;20866;13951.7;3.1;26.6;95.5
92063;Rueil-Malmaison;5.9;36228;33312;5388;23.5;22.4;75.4
92064;Saint-Cloud;7;14243;12825;3883.6;15.2;14.2;79.9
92071;Sceaux;5.8;9303;8523;5422.2;20.5;23.9;78.1
92072;Sèvres;5;10474;9754;5935;20.1;22.7;79.1
92073;Suresnes;5.2;22670;21081;12803.7;11.6;34.5;87.3
92075;Vanves;5.9;14642;13129;17809.6;8.1;22.1;90.1
92076;Vaucresson;7.7;3889;3535;2839.9;31.3;7.8;67.3
92077;Ville-d'Avray;7.2;5317;4810;3111.4;14.2;7.2;81.5
92078;Villeneuve-la-Garenne;5.3;9573;9005;7814.7;7.5;58.7;91.9
93001;Aubervilliers;5.9;31932;29945;13936.3;7.7;34;89.7
93005;Aulnay-sous-Bois;4.8;30138;28515;5081.1;42.4;32.2;56.3
93006;Bagnolet;6.2;15537;14372;14011.7;14;39.6;84.9
93007;Le Blanc-Mesnil;4.1;20172;19024;6736.3;38.8;38.5;60.3
93008;Bobigny;4.6;18691;17795;7456.3;19.5;47.9;76.7
93010;Bondy;4.9;20404;19324;9702.7;30.7;39.5;68.9
93013;Le Bourget;7.5;6853;6229;7705.8;15.6;20.1;82.6
93014;Clichy-sous-Bois;5.9;9355;8793;7578;22;35.3;77.4
93015;Coubron;4.9;1922;1821;1147.6;67.7;4.3;32.1
93027;La Courneuve;4.9;15033;14217;5435.4;13.7;42.7;83.9
93029;Drancy;6.5;28575;26564;8886;38.9;28.2;60.2
93030;Dugny;6.8;4269;3966;2678.7;9.6;61.6;89.4
93031;Épinay-sur-Seine;5.1;21227;20124;12069.4;15.3;40.7;82.7
93032;Gagny;4.9;16190;15262;5738.7;46.8;19.7;52.7
93033;Gournay-sur-Marne;7;3029;2764;4050.6;67.2;5;32.3
93039;L'Île-Saint-Denis;4.9;3033;2869;4120.3;4.9;54.7;91.5
93045;Les Lilas;6.4;11515;10522;18065.1;9.9;28.1;86.8
93046;Livry-Gargan;4.8;18890;17842;5934.7;40.2;14.8;59.1
93047;Montfermeil;4.3;9204;8756;4723.9;62.4;21.8;36.7
93048;Montreuil;5.6;48089;44796;11743;17.2;30.9;81.5
93049;Neuilly-Plaisance;5.9;9319;8577;6141.8;41.1;11.5;57.8
93050;Neuilly-sur-Marne;4.9;14160;13424;5095.5;21.6;35;77.9
93051;Noisy-le-Grand;4.8;27457;25947;4989.9;25.9;23.4;72.9
93053;Noisy-le-Sec;5;17079;16155;8453.8;21.2;45.1;77.8
93055;Pantin;5.6;25615;23555;10948.5;4.6;34.1;93.5
93057;Les Pavillons-sous-Bois;7.6;9938;9110;7922.9;42.3;9.3;57
93059;Pierrefitte-sur-Seine;5.7;10487;9622;8599.4;33.2;37.4;65.5
93061;Le Pré-Saint-Gervais;6.1;8752;8110;25077.1;8;41.2;91.1
93062;Le Raincy;6.8;7027;6449;6428.6;30.8;5.9;68.6
93063;Romainville;5.4;11185;10477;7450.9;25.1;39.5;73.7
93064;Rosny-sous-Bois;6.1;19245;17926;7520.8;19;21.2;80
93066;Saint-Denis;6;46202;43123;8959;7.9;40.3;89.3
93070;Saint-Ouen;7.7;24004;21876;11005.1;4.8;33.3;92
93071;Sevran;4.3;17518;16704;6878.7;36.6;33.6;62.7
93072;Stains;6.2;13855;12952;7054.2;29.6;50.4;67.4
93073;Tremblay-en-France;4.2;13351;12667;1546.5;52.9;24.4;46.9
93074;Vaujours;6.4;2971;2758;1816.7;45.1;4.6;53.1
93077;Villemomble;5.7;12985;12171;7302;38.8;22.5;60.3
93078;Villepinte;4.8;12187;11533;3458.4;51.2;25.1;48.4
93079;Villetaneuse;3.3;4574;4401;5393.1;23.7;60.7;74.9
94001;Ablon-sur-Seine;6.3;2458;2266;4909;34.2;12;64.8
94002;Alfortville;6.8;21721;20057;12273.3;11.5;39.8;85.6
94003;Arcueil;6.8;10233;9443;8974.7;20.8;40.5;77
94004;Boissy-Saint-Léger;4.7;6497;6046;1800.7;24.6;37.8;73.7
94011;Bonneuil-sur-Marne;3.6;6667;6409;3074.4;20.7;59.8;77.5
94015;Bry-sur-Marne;5.6;7318;6700;4937.9;37.6;7.7;59.7
94016;Cachan;3.9;13242;12608;10924.1;19.8;28.6;73.1
94017;Champigny-sur-Marne;5.6;31454;29503;6765.5;32.1;38.3;66.9
94018;Charenton-le-Pont;5;15336;14078;16634.6;1.9;26.8;97.5
94019;Chennevières-sur-Marne;7.4;7961;7174;3430.4;33.1;23.7;66.4
94021;Chevilly-Larue;4.6;8169;7777;4538.2;16.6;34.3;80.8
94022;Choisy-le-Roi;6.2;19385;18042;7993.6;18.3;30.4;78.9
94028;Créteil;3.1;38241;36746;7944.3;8.8;40.2;89.6
94033;Fontenay-sous-Bois;4.4;23524;22303;9547;23.8;28.6;74.6
94034;Fresnes;5.6;10819;10129;7530.3;13.8;25.5;85.2
94037;Gentilly;7.9;8570;7818;13862.7;10.1;44.5;88.6
94038;L'Haÿ-les-Roses;4.3;13318;12643;7890.3;27.6;31.2;71.3
94041;Ivry-sur-Seine;5.2;28515;26407;9802.1;7.2;36.4;90.5
94042;Joinville-le-Pont;4.5;8935;8397;8004.3;25;25.2;73.2
94043;Le Kremlin-Bicêtre;5.5;12616;11685;16663;5.1;33.9;92.8
94044;Limeil-Brévannes;5.4;10114;9461;3597;29.2;22.9;69.5
94046;Maisons-Alfort;5.7;27168;25175;10250.7;16.4;23.8;81.6
94047;Mandres-les-Roses;5.7;1701;1579;1350;79.6;5.6;20.2
94048;Marolles-en-Brie;2.3;1769;1707;1040.7;91.4;11.4;8.1
94052;Nogent-sur-Marne;10;16405;14506;11175.7;13.6;11.2;85.6
94053;Noiseau;3.3;1892;1819;1040.3;67.5;11.2;32.2
94054;Orly;5.8;9221;8654;3378.6;20.9;49.7;78.4
94055;Ormesson-sur-Marne;5.9;4068;3794;2958.7;93;1.8;6.6
94056;Périgny;3.6;999;955;912.2;80.3;6.4;19.4
94058;Le Perreux-sur-Marne;5.4;16067;14952;8515.2;32.7;8.9;66.5
94059;Le Plessis-Trévise;1.8;8170;7971;4567.6;33.6;14.6;65.1
94060;La Queue-en-Brie;3;4350;4211;1297.8;67.6;25.2;32.3
94065;Rungis;3.7;2416;2293;1345.5;42.2;16.2;57.4
94067;Saint-Mandé;7.6;11599;10384;24212;3.4;10.4;95.2
94068;Saint-Maur-des-Fossés;7.3;36962;33811;6692;35.8;6.2;63.1
94069;Saint-Maurice;5.6;7114;6534;10401.4;5.5;25.5;94
94070;Santeny;4;1417;1354;367.7;81.3;8.7;15.2
94071;Sucy-en-Brie;3.9;10814;10325;2478.7;52.2;17.6;47.5
94073;Thiais;5;12843;11999;4480.9;23.5;21;72.9
94074;Valenton;2.9;4722;4564;2513.4;24.6;61.6;75
94075;Villecresnes;5.7;3845;3601;1715.5;71.4;8.3;28
94076;Villejuif;5;25678;23787;10820.4;19.2;33.3;79.3
94077;Villeneuve-le-Roi;5.7;8326;7794;2365.5;53.7;23.2;44.9
94078;Villeneuve-Saint-Georges;6.9;13360;12358;3768.7;28.3;31.8;68.7
94079;Villiers-sur-Marne;3.2;11554;11070;6530.7;35.9;26.5;62.5
94080;Vincennes;5.9;27442;24756;25725.7;4.7;8.7;94.6
94081;Vitry-sur-Seine;4.2;37855;35838;7813.9;20.9;35.6;76.6
95002;Ableiges;5.4;424;393;133.4;91.4;0;6.9
95008;Aincourt;7.2;374;330;92.2;75.4;9.4;24.6
95011;Ambleville;11.5;202;158;50;93.4;0.7;6.6
95012;Amenucourt;8.8;98;81;24.1;96.7;0;1
95014;Andilly;5.6;1075;898;940.4;57.4;14;32.6
95018;Argenteuil;6.1;44232;41213;6322;33.6;31.3;64.8
95019;Arnouville;5.4;5257;4942;5034.2;68.9;5.8;31
95023;Arronville;5.2;286;251;42;96.2;0;3.1
95024;Arthies;9.9;121;102;38.4;99.2;0;0.8
95026;Asnières-sur-Oise;6;1173;1036;186.2;78.6;2.9;10
95028;Attainville;3.2;591;570;249.7;87;0;12.6
95039;Auvers-sur-Oise;5.3;3059;2833;547.1;83;5.8;16.2
95040;Avernes;4.7;336;310;63.6;94.3;0;5.7
95042;Baillet-en-France;2.2;802;779;256.8;85.3;1;14
95046;Banthelu;5.1;59;52;17.9;86.4;0;11.9
95051;Beauchamp;5;3756;3536;2891.7;67.5;12.8;31
95052;Beaumont-sur-Oise;10.3;4395;3922;1725.5;41.7;19.8;55.6
95054;Le Bellay-en-Vexin;7.8;90;83;49;98.9;0;1.1
95055;Bellefontaine;5.5;182;166;61.9;87.6;0.6;12.4
95056;Belloy-en-France;7.7;839;771;227.8;86;0.1;13.4
95058;Bernes-sur-Oise;2.9;908;879;487.2;81.7;21;17
95059;Berville;9.6;147;129;40.2;95.9;0;4.1
95060;Bessancourt;3.8;2828;2693;1030;74.2;22;22.6
95061;Béthemont-la-Forêt;6.6;184;160;114.8;95.6;0;3.8
95063;Bezons;6;11792;10978;6834.4;34.6;37.3;63.9
95074;Boisemont;4.1;313;291;278.3;89;1;10.7
95078;Boissy-l'Aillerie;6.5;738;681;278.3;81;2.4;18.4
95088;Bonneuil-en-France;11.6;393;346;197.5;58.9;2.3;40.2
95091;Bouffémont;2.3;2209;2144;1369.6;69.6;27.3;27.1
95094;Bouqueval;12.4;137;120;113.5;73.7;0;25.5
95101;Bray-et-Lû;5.1;344;322;262.8;87.3;2.2;12.7
95102;Bréançon;7.1;168;148;35;95.9;0.7;4.1
95110;Brignancourt;4.4;91;82;64.1;80.4;0;19.6
95116;Bruyères-sur-Oise;3;1431;1381;466.6;82.3;21;17.7
95119;Buhy;8.5;147;122;46.6;98.6;0;0.7
95120;Butry-sur-Oise;4.5;872;817;865.4;87.5;11.1;12.4
95127;Cergy;6.8;26866;24617;5405.9;19.7;32.9;75.8
95134;Champagne-sur-Oise;5.3;1944;1807;510.2;75.3;15.6;24.4
95139;La Chapelle-en-Vexin;6.1;131;119;91.7;99.2;0;0.8
95141;Charmont;20;15;12;7;86.7;0;6.7
95142;Chars;8.9;844;754;124.5;80.5;8.5;19.4
95144;Châtenay-en-France;0;25;24;24.1;88;0;12
95149;Chaumontel;4.3;1350;1260;785.8;91.8;1.4;7.9
95150;Chaussy;9.2;321;241;41.8;91.4;0.4;8.6
95151;Chauvry;3.1;130;117;61.6;99.2;0;0.8
95154;Chennevières-lès-Louvres;2.6;116;108;69.2;88;1.8;12
95157;Chérence;4.1;99;70;19;94.9;0;5.1
95166;Cléry-en-Vexin;10.9;174;148;82.7;91.4;0;8.6
95169;Commeny;5.2;170;160;91.1;92.9;4.1;6.5
95170;Condécourt;7.2;244;223;84.4;83.1;0;15.2
95176;Cormeilles-en-Parisis;3.7;9737;9272;2808.7;56.5;11.4;42.2
95177;Cormeilles-en-Vexin;5.3;489;462;135;90.8;0.4;8.7
95181;Courcelles-sur-Viosne;5.8;137;126;80.6;82.4;2.5;16.8
95183;Courdimanche;4.6;2550;2415;1191.6;57.1;20.9;42.6
95197;Deuil-la-Barre;8.4;10025;9095;5841.2;37.8;12;61
95199;Domont;5;6382;6044;1829.5;51.3;15.3;48.6
95203;Eaubonne;5.2;10399;9790;5518.8;41.2;17.5;58.6
95205;Écouen;4.1;2917;2789;952.6;51;19.6;48.2
95210;Enghien-les-Bains;9.1;5962;5330;6320.9;24.3;12.6;74.9
95211;Ennery;4.2;877;839;321.5;84.7;1.6;14.9
95212;Épiais-lès-Louvres;5.8;55;50;33.9;64.7;0;35.3
95213;Épiais-Rhus;5.7;289;255;60.8;94.8;0;4.9
95214;Épinay-Champlâtreux;13.3;31;27;18.8;76.7;0;23.3
95218;Éragny;2.8;6436;6231;3494.9;44.3;28.2;55.1
95219;Ermont;4.3;12563;11931;6953.1;30.1;30.4;68.8
95229;Ézanville;4.6;3988;3772;1842.2;44.6;17;53.2
95241;Fontenay-en-Parisis;6.6;707;655;178.5;85.2;1.7;14.4
95250;Fosses;3.3;3497;3373;2646.5;79.6;15;20.1
95252;Franconville;4.2;14811;14077;5495;26.2;23;73.5
95253;Frémainville;4.8;187;175;84.5;98.9;0;1.1
95254;Frémécourt;9.1;216;192;129.9;96.5;0;3.1
95256;Frépillon;5.3;1206;1134;944.2;86.4;11.1;13.4
95257;La Frette-sur-Seine;7.1;2013;1852;2289.6;76;2.8;22.7
95258;Frouville;3.6;169;155;48.9;93.5;0;5.3
95259;Gadancourt;5;41;34;17.9;95.1;0;4.9
95268;Garges-lès-Gonesse;4.1;13849;13251;7671.3;19.4;49.5;79.4
95270;Genainville;8.1;248;220;51.9;87.7;0;11.9
95271;Génicourt;4.3;213;199;79.3;88;1;11.5
95277;Gonesse;4.6;9655;9120;1295.2;34.6;41.8;64.9
95280;Goussainville;4.2;10745;10239;2729.3;60.4;25.9;37.3
95282;Gouzangrez;3.5;71;67;224.7;100;0;0
95287;Grisy-les-Plâtres;9.3;297;266;88.4;73.8;0.3;5.3
95288;Groslay;7.2;3335;3085;2933.6;54.7;9.4;44.6
95295;Guiry-en-Vexin;3.9;79;70;28.6;84.4;1.5;15.6
95298;Haravilliers;2.5;227;202;50.6;99.6;0;0.4
95301;Haute-Isle;6.3;172;129;112.8;94.3;0;4.6
95303;Le Heaulme;8.8;95;80;104.6;87;0;13
95304;Hédouville;4.6;131;107;50;100;0;0
95306;Herblay;4.5;10736;10173;2173.6;62.6;12.5;36.4
95308;Hérouville;5.4;239;221;72.7;81.2;0;18
95309;Hodent;9.4;108;92;52.4;90.4;0;8.7
95313;L'Isle-Adam;4.4;5659;5267;790.1;49.8;13.3;50
95316;Jagny-sous-Bois;8.4;111;98;60.3;97.4;0;2.6
95323;Jouy-le-Moutier;2.9;5741;5504;2336.4;75.7;26.6;24.1
95328;Labbeville;8.5;270;241;75.1;80.7;2.1;18.1
95331;Lassy;9;78;70;90.6;75.6;0;24.4
95341;Livilliers;2.9;163;153;60.2;83.2;1.3;16.8
95348;Longuesse;4.3;215;204;62.7;90.5;0;9.5
95351;Louvres;4.3;3851;3663;894.6;60.3;18.6;38.8
95352;Luzarches;9.6;2095;1861;219.2;62.9;13.2;36.6
95353;Maffliers;5.8;643;591;254.1;84.9;0.2;15.1
95355;Magny-en-Vexin;10.9;2518;2214;397.6;59.5;27.5;40.3
95365;Mareil-en-France;3.7;273;263;99;79.5;6.5;20.5
95369;Margency;3.7;1225;1171;4047.2;54.7;4.3;45
95370;Marines;7.1;1428;1289;419.4;75.6;9.5;23.7
95371;Marly-la-Ville;3.2;2138;2051;653.1;85.4;6.7;14
95379;Maudétour-en-Vexin;4.9;90;81;30.2;98.8;0;1.2
95387;Menouville;9;37;32;28.1;100;0;0
95388;Menucourt;2.4;2020;1964;1475;79.5;19.8;20.1
95392;Mériel;4.9;2085;1951;933.5;76.8;9.5;22.9
95394;Méry-sur-Oise;3.3;3518;3377;826.6;66.9;15.7;32.3
95395;Le Mesnil-Aubry;4.2;336;318;139.6;89;0;10.1
95409;Moisselles;18.7;626;508;980.1;58.9;1.4;40.5
95422;Montgeroult;8.6;181;155;82.1;89.7;0;10.3
95424;Montigny-lès-Cormeilles;3.4;7331;7071;5188.2;46.8;31.6;52.7
95426;Montlignon;3.7;1037;990;954.2;81.5;1.3;18
95427;Montmagny;7.7;5309;4841;4727.5;42.8;15.9;55.4
95428;Montmorency;7.4;9596;8709;3885.7;34.8;15.6;62.6
95429;Montreuil-sur-Epte;2.7;197;165;60.3;98.4;0;0.5
95430;Montsoult;4.8;1446;1350;893.5;78.6;7;20.7
95436;Mours;3.5;563;534;587.3;94.6;0.2;5.2
95438;Moussy;6.2;50;46;28.6;87.6;0;12.4
95445;Nerville-la-Forêt;4.6;259;241;102.7;95.4;0;3.5
95446;Nesles-la-Vallée;6.3;806;701;132.2;92.3;4.2;7.6
95447;Neuilly-en-Vexin;11.9;102;83;63.9;82.4;0;17.6
95450;Neuville-sur-Oise;6.6;1019;936;475.8;56.6;0;25.3
95452;Nointel;5.2;349;327;251.9;77.4;0;22.6
95456;Noisy-sur-Oise;7;286;254;177.6;87.3;0.4;12.7
95459;Nucourt;6.3;290;266;94.9;95.5;0.4;4.2
95462;Omerville;4.6;154;119;25.9;99.4;0;0.6
95476;Osny;4.2;6054;5739;1365;62.8;16.1;36.5
95480;Parmain;4.7;2218;2065;608.2;88.4;5.1;10.8
95483;Le Perchay;3.3;210;197;103.7;91.4;18.8;8.1
95487;Persan;4.4;4758;4541;2421;37.4;41.6;61.1
95488;Pierrelaye;6;3086;2891;885.5;58.4;23.7;39.9
95489;Piscop;4;272;256;177.9;92.7;0.8;5.4
95491;Le Plessis-Bouchard;4.4;3414;3244;3012.3;52.7;6.9;47
95492;Le Plessis-Gassot;10.1;40;35;17.1;61.1;0;38.9
95493;Le Plessis-Luzarches;7.4;68;62;160;94.1;0;5.9
95500;Pontoise;6.4;13494;12517;4163.1;23.7;32.4;74.9
95504;Presles;8.6;1627;1452;372.2;91.1;0.4;8.7
95509;Puiseux-en-France;6.2;1318;1232;655.4;85.9;0.2;13.9
95510;Puiseux-Pontoise;5.4;130;123;72;91.6;0;6.1
95523;La Roche-Guyon;11.9;268;187;96.7;66.2;1;32.7
95527;Roissy-en-France;6.2;1470;1287;202.6;32.6;16;55.6
95529;Ronquerolles;4.4;368;336;182.3;91.3;0;7.6
95535;Sagy;6.4;486;444;108;92.6;0;7
95539;Saint-Brice-sous-Forêt;3.7;5554;5328;2465.8;45.3;19;54
95541;Saint-Clair-sur-Epte;9.5;391;320;80.5;80.8;14.6;18.7
95543;Saint-Cyr-en-Arthies;5.7;106;93;62.2;94.3;2.2;5.7
95554;Saint-Gervais;4;400;368;72.4;97.5;1.4;2
95555;Saint-Gratien;4;9337;8910;8676;22.2;26;76.3
95563;Saint-Leu-la-Forêt;4.3;6359;6034;2876.3;64.4;10.7;35.3
95566;Saint-Martin-du-Tertre;7.1;1040;956;204.7;75;19.1;24.6
95572;Saint-Ouen-l'Aumône;4.3;9541;9106;2001.6;32.1;28.2;66.2
95574;Saint-Prix;4.7;2841;2695;905.5;76.9;13.7;22.9
95580;Saint-Witz;5;945;873;318.8;90.6;0.1;9
95582;Sannois;5.4;11029;10363;5612.1;33.6;28.4;66.3
95584;Santeuil;2.3;261;247;121.2;91.5;0;8.5
95585;Sarcelles;8.2;19878;18105;6725.2;18.1;52.3;81.2
95592;Seraincourt;5.4;576;526;115.2;87.8;0;11.8
95594;Seugy;4.7;450;414;592.9;83.7;0;16.3
95598;Soisy-sous-Montmorency;4.3;7926;7538;4545.7;40.4;18.3;59.1
95604;Survilliers;3.7;1751;1676;763.2;40.2;20.1;59.4
95607;Taverny;4.6;10848;10280;2469;46.1;16.3;53
95610;Théméricourt;7.6;122;110;36.7;97.5;0;2.5
95611;Theuville;60.5;34;12;4.8;97.2;0;2.8
95612;Le Thillay;6.1;1626;1514;1054.3;72.5;0.3;25.7
95625;Us;4.3;536;500;119.5;92.2;0;7.8
95627;Vallangoujard;3.2;259;235;83.7;93.4;0;5.1
95628;Valmondois;7.2;586;507;262.3;82.7;1.4;16
95633;Vaudherland;14.7;34;29;866.7;73.5;0;23.5
95637;Vauréal;3.3;5591;5393;4581.8;68.5;22.5;31.4
95641;Vémars;5;1005;946;288.4;70.1;11.2;29.2
95651;Vétheuil;10.5;506;377;197.4;83.2;0.8;16.2
95652;Viarmes;5.3;2277;2117;639.6;78.4;4.3;19.5
95656;Vienne-en-Arthies;6.1;231;173;117;94.8;0.6;5.2
95658;Vigny;7.8;448;404;164.2;89.6;3.4;9.9
95660;Villaines-sous-Bois;3.2;256;246;379.9;98.4;0;1.6
95675;Villeron;4.6;305;289;135.1;64.9;0;34.8
95676;Villers-en-Arthies;5;260;204;61;94.6;0;5.4
95678;Villiers-Adam;3.7;364;341;85.3;91.1;0;6.6
95680;Villiers-le-Bel;6.6;10039;9322;3776.8;22.1;49.2;75.5
95682;Villiers-le-Sec;17;88;70;54.3;81.8;0;18.2
95690;Wy-dit-Joli-Village;5.7;169;139;38;97.8;0;1.7