insee;nom;pop1999;pop2006;pop2007;pop2008;pop2009;pop2010;pop2011;pop2012;pop2013;pop2014;pop2015
75000;PARIS;2125246;2181371;2193030;2211297;2234105;2243833;2249975;2240621;2229621;2220445;2206488
75101;PARIS 1ER ARRONDISSEMENT;16888;17745;17915;17440;17614;17308;17443;17100;17022;16717;16545
75102;PARIS 2E  ARRONDISSEMENT;19585;21259;21745;21793;22400;23009;22927;22390;21741;21263;20796
75103;PARIS 3E  ARRONDISSEMENT;34248;34721;34576;34824;35655;35652;36120;35991;35666;35077;35049
75104;PARIS 4E  ARRONDISSEMENT;30675;29138;28572;27977;28192;28012;27887;27769;27335;26796;27146
75105;PARIS 5E  ARRONDISSEMENT;58849;61475;62664;62143;61531;60938;60800;60179;60273;60030;59333
75106;PARIS 6E  ARRONDISSEMENT;44919;45278;45332;44322;43143;43451;43880;43224;43479;43134;42428
75107;PARIS 7E  ARRONDISSEMENT;56985;56612;57410;57082;57442;57974;57786;57092;56325;55486;54133
75108;PARIS 8E  ARRONDISSEMENT;39314;39088;39165;38702;40278;41280;40589;38749;39175;38257;36694
75109;PARIS 9E  ARRONDISSEMENT;55838;58497;58632;59157;60275;60139;60120;59474;59427;59389;59408
75110;PARIS 10E  ARRONDISSEMENT;89612;92082;93373;94321;95911;95394;94027;94474;92494;92228;91770
75111;PARIS 11E  ARRONDISSEMENT;149102;152436;151421;152672;152744;153202;154647;155006;153461;151542;149834
75112;PARIS 12E  ARRONDISSEMENT;136591;141519;142425;142673;142897;144262;144402;144925;144719;143922;142340
75113;PARIS 13E  ARRONDISSEMENT;171533;178716;179213;179500;182032;181532;183260;182386;183713;182318;183216
75114;PARIS 14E  ARRONDISSEMENT;132844;134370;134382;136464;137189;138299;140317;141102;140799;141230;139992
75115;PARIS 15E  ARRONDISSEMENT;225362;232949;232247;234091;236491;236715;238395;238190;237120;235366;234994
75116;PARIS 16E  ARRONDISSEMENT;161773;153920;159706;165074;169372;171124;169942;167613;166552;165745;165487
75117;PARIS 17E  ARRONDISSEMENT;160860;161327;164673;167070;168454;169325;170174;170156;170077;170186;168533
75118;PARIS 18E  ARRONDISSEMENT;184586;190854;191523;196000;200631;202685;203127;201374;199519;199135;197580
75119;PARIS 19E  ARRONDISSEMENT;172730;186180;184038;184909;184787;186652;186090;186116;185953;187156;185654
75120;PARIS 20E  ARRONDISSEMENT;182952;193205;194018;195083;197067;196880;198042;197311;194771;195468;195556
77001;ACHERES-LA-FORET;1040;1235;1242;1242;1242;1242;1232;1224;1201;1177;1154
77002;AMILLIS;685;753;762;770;772;774;781;797;813;808;814
77003;AMPONVILLE;301;355;363;380;383;385;388;388;388;376;363
77004;ANDREZEL;365;317;317;310;306;303;299;290;284;285;285
77005;ANNET-SUR-MARNE;2482;3198;3240;3255;3248;3239;3229;3209;3245;3247;3253
77006;ARBONNE-LA-FORET;947;964;967;1004;1025;1024;1025;1026;1040;1044;1027
77007;ARGENTIERES;364;355;364;374;383;388;395;394;393;392;391
77008;ARMENTIERES-EN-BRIE;1256;1336;1352;1367;1383;1405;1399;1373;1337;1301;1269
77009;ARVILLE;121;139;139;141;136;132;127;124;121;122;124
77010;AUBEPIERRE-OZOUER-LE-REPOS;867;891;895;899;905;904;895;888;881;899;910
77011;AUFFERVILLE;449;521;539;543;547;551;547;555;542;529;516
77012;AUGERS-EN-BRIE;260;299;304;310;305;304;304;305;305;305;305
77013;AULNOY;332;379;385;390;388;386;386;387;379;370;360
77014;AVON;14030;14261;13970;14158;13906;13984;14084;14151;13761;13930;13933
77015;BABY;66;68;69;67;76;85;94;97;99;98;97
77016;BAGNEAUX-SUR-LOING;1595;1564;1604;1645;1686;1704;1695;1693;1690;1688;1688
77018;BAILLY-ROMAINVILLIERS;3393;5421;5666;5765;6147;6516;6884;7175;7368;7437;7500
77019;BALLOY;358;340;337;333;335;331;325;319;328;326;326
77020;BANNOST-VILLEGAGNON;482;581;595;609;628;636;649;661;673;674;679
77021;BARBEY;151;165;173;180;188;193;195;181;167;153;151
77022;BARBIZON;1490;1571;1587;1505;1425;1346;1357;1331;1277;1225;1173
77023;BARCY;213;222;223;225;233;236;249;262;275;282;293
77024;BASSEVELLE;354;352;352;351;352;352;349;345;342;339;339
77025;BAZOCHES-LES-BRAY;768;776;789;801;813;827;826;834;841;848;853
77026;BEAUCHERY-SAINT-MARTIN;363;390;394;397;409;410;411;412;411;415;399
77027;BEAUMONT-DU-GATINAIS;981;1095;1142;1174;1169;1164;1159;1165;1167;1164;1160
77028;BEAUTHEIL;562;680;696;703;702;712;724;736;736;739;716
77029;BEAUVOIR;193;198;204;199;194;189;194;192;197;202;207
77030;BELLOT;706;780;792;804;801;809;799;790;781;781;785
77031;BERNAY-VILBERT;755;814;819;826;831;837;843;838;845;838;832
77032;BETON-BAZOCHES;700;747;754;762;773;781;812;843;874;877;883
77033;BEZALLES;162;209;216;223;226;229;236;244;252;253;254
77034;BLANDY;721;749;753;772;785;760;735;710;701;690;707
77035;BLENNES;477;541;550;553;557;562;566;570;566;563;562
77036;BOISDON;77;82;84;86;88;92;97;109;121;133;137
77037;BOIS-LE-ROI;5292;5433;5452;5493;5611;5650;5649;5649;5617;5605;5695
77038;BOISSETTES;427;422;415;434;449;464;463;460;442;427;412
77039;BOISSISE-LA-BERTRAND;889;960;966;963;960;1006;1068;1130;1159;1180;1170
77040;BOISSISE-LE-ROI;3653;3623;3619;3616;3599;3572;3616;3696;3776;3775;3758
77041;BOISSY-AUX-CAILLES;271;318;320;323;319;315;311;309;307;303;300
77042;BOISSY-LE-CHATEL;2661;3014;3028;3069;3090;3110;3110;3114;3105;3115;3126
77043;BOITRON;335;371;381;385;389;393;396;396;390;384;378
77044;BOMBON;905;913;913;1000;957;908;860;845;860;890;926
77045;BOUGLIGNY;646;695;703;710;715;721;720;725;730;732;737
77046;BOULANCOURT;325;349;353;353;357;366;370;375;377;375;366
77047;BOULEURS;1228;1411;1445;1443;1442;1441;1453;1446;1463;1481;1498
77048;BOURRON-MARLOTTE;2737;2858;2862;2821;2766;2712;2683;2647;2690;2729;2767
77049;BOUTIGNY;803;837;842;847;859;875;878;877;877;873;879
77050;BRANSLES;463;520;528;520;513;505;519;528;538;545;553
77051;BRAY-SUR-SEINE;2278;2092;2182;2271;2361;2397;2427;2361;2294;2231;2222
77052;BREAU;343;354;352;355;358;351;346;340;335;329;325
77053;BRIE-COMTE-ROBERT;13397;14943;15630;15901;16152;16251;16075;16415;16529;16563;16635
77054;LAŒæBROSSE-MONTCEAUX;599;706;706;707;707;725;727;750;769;787;787
77055;BROU-SUR-CHANTEREINE;4280;4258;4253;4219;4167;4254;4324;4393;4414;4450;4411
77056;BURCY;178;159;157;154;151;148;152;157;162;165;165
77057;BUSSIERES;425;497;486;474;463;461;461;481;501;521;522
77058;BUSSY-SAINT-GEORGES;9194;18772;20013;21108;22217;23341;25135;25615;25419;25910;26346
77059;BUSSY-SAINT-MARTIN;573;682;708;719;721;724;726;717;719;708;698
77060;BUTHIERS;645;737;750;747;754;755;756;757;750;746;740
77061;CANNES-ECLUSE;2200;2550;2603;2624;2595;2566;2540;2550;2580;2534;2505
77062;CARNETIN;436;427;437;449;461;473;488;475;464;453;452
77063;LAŒæCELLE-SUR-MORIN;1106;1183;1184;1206;1236;1267;1269;1271;1290;1306;1323
77065;CELY;1010;1089;1121;1150;1180;1198;1226;1205;1180;1156;1152
77066;CERNEUX;278;286;284;292;299;305;311;306;317;318;318
77067;CESSON;7699;7419;7728;8012;8296;8572;9092;9332;9568;9805;10033
77068;CESSOY-EN-MONTOIS;190;212;215;218;217;216;214;213;211;210;213
77069;CHAILLY-EN-BIERE;2129;2132;2144;2097;2047;1997;1974;1951;1982;2005;2029
77070;CHAILLY-EN-BRIE;1180;1351;1344;1382;1416;1449;1443;1457;1462;1425;1388
77071;CHAINTREAUX;783;854;856;871;887;902;917;916;917;917;918
77072;CHALAUTRE-LA-GRANDE;610;674;683;692;696;689;698;706;715;721;725
77073;CHALAUTRE-LA-PETITE;568;551;548;551;548;563;579;594;599;602;592
77075;CHALIFERT;1055;1161;1174;1162;1191;1212;1234;1253;1280;1278;1270
77076;CHALMAISON;653;690;687;704;720;736;745;754;754;754;755
77077;CHAMBRY;841;870;875;880;891;906;920;933;947;956;966
77078;CHAMIGNY;1145;1253;1267;1281;1270;1264;1300;1338;1376;1398;1406
77079;CHAMPAGNE-SUR-SEINE;6594;6475;6499;6461;6423;6485;6499;6381;6289;6200;6179
77080;CHAMPCENEST;116;111;118;126;133;138;147;164;180;197;210
77081;CHAMPDEUIL;658;654;653;653;644;638;662;687;712;725;725
77082;CHAMPEAUX;804;770;763;767;767;768;810;807;814;821;828
77083;CHAMPS-SUR-MARNE;24553;24499;24333;24105;24271;24418;24499;24663;24913;25096;25052
77084;CHANGIS-SUR-MARNE;950;1031;1044;1057;1065;1062;1084;1095;1107;1139;1136
77085;CHANTELOUP-EN-BRIE;1780;1860;1862;1948;2034;2121;2403;2533;2956;3365;3775
77086;LAŒæCHAPELLE-GAUTHIER;1269;1374;1395;1416;1437;1449;1491;1484;1474;1465;1460
77087;LAŒæCHAPELLE-IGER;152;169;168;163;161;159;157;155;155;158;160
77088;LAŒæCHAPELLE-LA-REINE;2781;2674;2659;2643;2625;2596;2567;2538;2521;2504;2475
77089;LAŒæCHAPELLE-RABLAIS;779;889;904;920;938;951;962;974;985;983;983
77090;LAŒæCHAPELLE-SAINT-SULPICE;171;188;190;200;205;213;220;228;232;236;238
77091;LESŒæCHAPELLES-BOURBON;332;368;373;397;430;421;413;404;409;398;436
77093;LAŒæCHAPELLE-MOUTILS;324;352;345;345;367;390;412;415;425;430;434
77094;CHARMENTRAY;234;255;258;256;257;261;266;270;260;257;268
77095;CHARNY;1150;1183;1192;1201;1192;1220;1225;1237;1250;1246;1235
77096;CHARTRETTES;2391;2514;2527;2540;2529;2556;2573;2588;2602;2596;2607
77097;CHARTRONGES;270;267;267;268;271;279;285;292;295;301;299
77098;CHATEAUBLEAU;263;305;311;313;322;330;338;343;349;354;359
77099;CHATEAU-LANDON;3364;3109;3072;3083;3098;3112;3125;3142;3198;3124;3040
77100;LEŒæCHATELET-EN-BRIE;4532;4440;4405;4412;4414;4416;4413;4401;4417;4436;4455
77101;CHATENAY-SUR-SEINE;950;895;897;892;911;933;955;964;968;994;1007
77102;CHATENOY;134;138;139;139;147;149;155;160;166;170;175
77103;CHATILLON-LA-BORDE;204;218;220;225;218;218;217;217;218;219;218
77104;CHATRES;555;572;575;577;581;579;593;608;622;633;656
77106;CHAUFFRY;850;904;909;937;964;992;1021;1025;1023;1021;1019
77107;CHAUMES-EN-BRIE;2743;2958;2982;3007;2998;3046;3045;3011;2976;2996;3118
77108;CHELLES;45399;48616;51035;52765;52636;52779;52817;53247;53569;53708;53833
77109;CHENOISE;1200;1240;1249;1257;1266;1290;1289;1309;1328;1348;1365
77110;CHENOU;293;284;282;289;295;302;313;316;314;311;309
77111;CHESSY;1667;3060;3438;3827;4216;4298;4355;4517;4679;4842;5131
77112;CHEVRAINVILLIERS;226;223;222;222;221;224;223;222;221;226;225
77113;CHEVRU;855;1063;1073;1102;1095;1088;1081;1083;1096;1103;1109
77114;CHEVRY-COSSIGNY;3315;3630;3649;3668;3687;3706;3897;3933;3964;3995;3988
77115;CHEVRY-EN-SEREINE;454;457;451;470;489;508;507;516;516;517;517
77116;CHOISY-EN-BRIE;1152;1283;1302;1321;1336;1347;1356;1365;1374;1395;1408
77117;CITRY;682;746;749;759;785;797;808;817;828;839;869
77118;CLAYE-SOUILLY;10152;11086;11251;11272;11128;11026;11122;11299;11599;11841;12228
77119;CLOS-FONTAINE;270;248;250;253;255;257;265;268;270;273;272
77120;COCHEREL;484;559;570;578;587;592;614;621;631;641;640
77121;COLLEGIEN;2983;3191;3149;3138;3142;3145;3099;3150;3239;3329;3418
77122;COMBS-LA-VILLE;20953;21603;21450;21324;21427;21554;21908;22031;22086;22110;22154
77123;COMPANS;724;781;708;701;694;711;723;795;792;790;795
77124;CONCHES-SUR-GONDOIRE;1716;1722;1722;1723;1735;1740;1735;1729;1724;1724;1727
77125;CONDE-SAINTE-LIBIAIRE;1344;1401;1410;1418;1410;1409;1416;1418;1420;1410;1405
77126;CONGIS-SUR-THEROUANNE;1516;1755;1764;1773;1752;1759;1765;1772;1801;1789;1777
77127;COUBERT;1275;1705;1752;1799;1784;1821;1962;2020;2079;2059;2041
77128;COUILLY-PONT-AUX-DAMES;1897;2028;2042;2074;2106;2132;2155;2169;2175;2181;2175
77129;COULOMBS-EN-VALOIS;563;586;583;584;597;611;625;626;632;614;595
77130;COULOMMES;394;411;410;407;405;402;409;411;412;413;414
77131;COULOMMIERS;13852;13836;13649;13723;14163;14544;14622;14708;14725;14889;15116
77132;COUPVRAY;2713;2791;2790;2792;2781;2705;2656;2607;2594;2815;2811
77133;COURCELLES-EN-BASSEE;204;216;218;220;223;228;234;239;241;245;232
77134;COURCHAMP;163;155;153;151;150;152;153;153;153;159;157
77135;COURPALAY;1269;1360;1374;1387;1391;1402;1413;1425;1449;1453;1409
77136;COURQUETAINE;173;187;189;191;198;200;201;202;203;202;201
77137;COURTACON;179;188;190;191;192;198;215;232;248;252;258
77138;COURTOMER;554;546;545;544;539;542;535;529;522;518;514
77139;COURTRY;6036;5983;5989;6026;6043;6156;6280;6403;6426;6664;6668
77140;COUTENCON;229;254;252;263;274;285;289;290;291;292;293
77141;COUTEVROULT;536;654;792;853;913;974;996;1059;1064;1070;1076
77142;CRECY-LA-CHAPELLE;3851;4029;4056;4083;4125;4225;4250;4251;4253;4270;4279
77143;CREGY-LES-MEAUX;3677;4260;4222;4197;4245;4292;4339;4533;4711;4715;4721
77144;CREVECOEUR-EN-BRIE;299;312;308;303;299;301;303;332;361;390;392
77145;CRISENOY;604;644;639;634;629;628;624;635;647;659;673
77146;CROISSY-BEAUBOURG;2236;2097;2077;2057;2037;2010;1988;2005;2006;2008;1996
77147;LAŒæCROIX-EN-BRIE;651;660;661;663;664;667;669;671;673;672;675
77148;CROUY-SUR-OURCQ;1585;1663;1692;1720;1749;1747;1745;1798;1851;1904;1943
77149;CUCHARMOY;223;235;237;238;240;242;237;231;226;223;220
77150;CUISY;374;445;445;448;445;442;439;436;424;430;435
77151;DAGNY;322;338;340;342;344;340;337;334;333;333;321
77152;DAMMARIE-LES-LYS;20659;20838;20526;20068;20052;20722;20661;20892;21094;21605;21712
77153;DAMMARTIN-EN-GOELE;7805;7948;7967;7986;7962;8052;8258;8464;8669;8868;9302
77154;DAMMARTIN-SUR-TIGEAUX;731;816;825;846;868;889;913;935;965;996;1026
77155;DAMPMART;2754;3075;3092;3109;3136;3158;3179;3179;3195;3247;3309
77156;DARVAULT;778;783;784;785;805;805;818;827;836;847;844
77157;DHUISY;241;261;259;265;270;276;281;290;293;295;298
77158;DIANT;189;206;208;212;213;205;196;187;183;181;186
77159;DONNEMARIE-DONTILLY;2628;2744;2760;2776;2788;2801;2838;2876;2913;2923;2917
77161;DORMELLES;791;846;852;859;864;882;862;841;821;813;808
77162;DOUE;1028;999;1002;1005;1008;1014;1009;1004;999;994;992
77163;DOUY-LA-RAMEE;234;276;282;282;279;290;301;312;320;320;322
77164;ECHOUBOULAINS;516;534;528;522;516;512;505;520;536;552;553
77165;LESŒæECRENNES;638;621;618;623;615;612;608;605;597;592;596
77166;ECUELLES;2463;2553;2543;2546;2515;2479;2443;2489;0;0;0
77167;EGLIGNY;275;330;330;330;324;317;311;317;319;324;330
77168;EGREVILLE;1841;2075;2109;2143;2172;2200;2182;2167;2152;2168;2159
77169;EMERAINVILLE;7027;6981;7152;7322;7492;7349;7253;7355;7444;7532;7681
77170;EPISY;491;501;503;504;507;514;527;539;552;0;0
77171;ESBLY;5131;5509;5552;5602;5672;5759;5882;6004;6189;6224;6192
77172;ESMANS;875;852;862;872;882;886;889;893;897;901;899
77173;ETREPILLY;812;824;817;834;842;850;848;851;858;869;880
77174;EVERLY;569;606;605;600;596;591;592;606;605;605;604
77175;EVRY-GREGY-SUR-YERRE;2041;2232;2262;2270;2291;2399;2485;2572;2588;2671;2711
77176;FAREMOUTIERS;2287;2386;2402;2396;2405;2434;2465;2496;2513;2610;2681
77177;FAVIERES;941;1066;1083;1115;1111;1106;1101;1093;1088;1096;1103
77178;FAY-LES-NEMOURS;430;443;451;459;467;478;486;482;479;475;483
77179;FERICY;506;612;632;619;606;593;582;581;581;582;582
77180;FEROLLES-ATTILLY;1032;1087;1103;1118;1124;1123;1135;1146;1158;1162;1190
77181;FERRIERES-EN-BRIE;1655;2078;2138;2138;2153;2198;2243;2288;2793;2801;3012
77182;LAŒæFERTE-GAUCHER;4150;4057;4092;4165;4292;4424;4557;4691;4770;4786;4802
77183;LAŒæFERTE-SOUS-JOUARRE;8584;8932;8982;9032;9050;9061;9222;9363;9504;9612;9734
77184;FLAGY;534;623;626;632;634;636;645;645;644;644;644
77185;FLEURY-EN-BIERE;546;614;623;631;640;640;639;646;653;660;661
77186;FONTAINEBLEAU;15942;15688;15740;15411;15268;15107;14708;14908;14839;14637;14974
77187;FONTAINE-FOURCHES;509;556;563;572;589;596;595;595;596;597;600
77188;FONTAINE-LE-PORT;836;913;924;915;936;938;939;941;959;963;976
77190;FONTAINS;247;261;262;263;265;263;253;244;234;231;231
77191;FONTENAILLES;887;982;995;1019;1056;1060;1062;1064;1076;1080;1075
77192;FONTENAY-TRESIGNY;4620;4967;5015;5063;5069;5135;5218;5267;5317;5362;5377
77193;FORFRY;183;230;245;253;262;270;271;274;256;238;220
77194;FORGES;345;402;405;409;410;414;413;418;423;428;435
77195;FOUJU;523;489;484;508;527;545;562;579;588;584;581
77196;FRESNES-SUR-MARNE;441;628;652;653;651;654;657;670;678;758;837
77197;FRETOY;113;151;152;153;154;155;155;156;161;166;171
77198;FROMONT;157;222;229;234;224;218;212;209;207;217;226
77199;FUBLAINES;1011;1150;1170;1190;1181;1186;1167;1148;1154;1144;1202
77200;GARENTREVILLE;79;96;99;101;101;101;103;104;106;109;110
77201;GASTINS;585;631;639;647;654;667;684;700;710;711;706
77202;LAŒæGENEVRAYE;579;632;637;631;625;619;622;616;665;715;764
77203;GERMIGNY-L'EVEQUE;1356;1280;1276;1303;1331;1358;1357;1359;1345;1331;1317
77204;GERMIGNY-SOUS-COULOMBS;166;191;194;198;196;199;203;206;209;206;207
77205;GESVRES-LE-CHAPITRE;141;158;161;163;164;169;165;162;159;158;156
77206;GIREMOUTIERS;106;129;132;135;144;146;146;147;147;147;155
77207;GIRONVILLE;172;190;193;188;188;179;170;161;159;158;157
77208;GOUAIX;1393;1428;1419;1430;1441;1452;1446;1446;1453;1459;1466
77209;GOUVERNES;1024;1069;1083;1111;1112;1113;1101;1108;1118;1137;1156
77210;LAŒæGRANDE-PAROISSE;2491;2497;2532;2565;2598;2591;2610;2652;2696;2739;2749
77211;GRANDPUITS-BAILLY-CARROIS;953;979;975;963;977;992;1007;1013;1015;1015;1018
77212;GRAVON;115;133;136;137;138;142;145;149;149;148;154
77214;GRESSY;813;896;908;920;924;912;902;893;883;883;879
77215;GRETZ-ARMAINVILLIERS;7613;7751;7796;7861;7925;7984;8066;8237;8408;8578;8700
77216;GREZ-SUR-LOING;1277;1331;1354;1376;1399;1409;1424;1420;1417;1413;1406
77217;GRISY-SUISNES;1989;2239;2287;2321;2353;2428;2395;2363;2381;2415;2364
77218;GRISY-SUR-SEINE;102;102;103;103;100;98;100;103;105;107;106
77219;GUERARD;1970;2121;2166;2203;2241;2251;2250;2263;2283;2303;2366
77220;GUERCHEVILLE;233;280;285;286;285;285;284;287;283;280;277
77221;GUERMANTES;1392;1302;1289;1276;1257;1243;1217;1191;1165;1153;1139
77222;GUIGNES;2412;2969;3043;3116;3240;3365;3364;3361;3358;3456;3793
77223;GURCY-LE-CHATEL;384;487;514;535;550;566;581;575;574;574;575
77224;HAUTEFEUILLE;207;312;320;325;322;318;315;319;324;302;280
77225;LAŒæHAUTE-MAISON;220;254;256;288;322;355;363;364;326;315;303
77226;HERICY;2519;2591;2585;2574;2561;2548;2538;2504;2527;2556;2584
77227;HERME;525;564;569;579;588;604;624;643;646;650;651
77228;HONDEVILLIERS;215;243;242;240;240;240;240;246;248;251;253
77229;LAŒæHOUSSAYE-EN-BRIE;1456;1585;1606;1626;1600;1609;1618;1627;1621;1644;1639
77230;ICHY;171;156;154;152;154;164;173;183;186;191;183
77231;ISLES-LES-MELDEUSES;602;722;739;762;768;771;776;781;798;793;797
77232;ISLES-LES-VILLENOY;687;846;865;884;903;910;911;915;919;923;915
77233;IVERNY;488;580;598;593;590;588;585;581;576;581;585
77234;JABLINES;574;620;628;634;629;639;650;660;683;682;683
77235;JAIGNES;310;327;329;326;322;306;291;276;265;259;275
77236;JAULNES;319;322;333;343;354;355;357;367;372;376;376
77237;JOSSIGNY;530;640;652;644;637;629;632;642;652;661;670
77238;JOUARRE;3415;3997;4085;4158;4193;4188;4184;4180;4190;4152;4214
77239;JOUY-LE-CHATEL;1392;1415;1418;1420;1426;1436;1469;1501;1533;1570;1577
77240;JOUY-SUR-MORIN;1929;2007;1999;2053;2098;2144;2171;2176;2157;2131;2104
77241;JUILLY;1448;1699;1794;1914;2035;2156;2189;2205;2242;2114;1986
77242;JUTIGNY;528;561;566;579;591;576;560;544;541;539;543
77243;LAGNY-SUR-MARNE;19368;20086;20401;20232;20228;20236;20306;20328;20718;21302;21488
77244;LARCHANT;695;724;728;723;732;742;751;753;760;742;723
77245;LAVAL-EN-BRIE;379;459;456;453;450;455;462;462;463;463;465
77246;LECHELLE;525;530;533;541;550;558;563;563;571;580;588
77247;LESCHEROLLES;418;462;469;475;478;481;482;484;485;482;484
77248;LESCHES;534;648;664;705;713;708;701;693;683;697;707
77249;LESIGNY;7647;7571;7553;7536;7490;7442;7429;7425;7421;7387;7331
77250;LEUDON-EN-BRIE;144;125;122;119;134;149;164;164;167;166;164
77251;LIEUSAINT;6365;9355;9783;10210;10416;10577;10441;10508;11033;12131;13242
77252;LIMOGES-FOURCHES;297;421;439;457;472;475;469;462;454;456;456
77253;LISSY;171;190;190;190;190;190;196;198;199;201;199
77254;LIVERDY-EN-BRIE;1031;1159;1197;1234;1271;1278;1298;1304;1310;1316;1317
77255;LIVRY-SUR-SEINE;1880;1896;1898;1902;1910;1919;1927;1925;1906;1947;1987
77256;LIZINES;155;164;165;165;163;168;174;179;185;186;186
77257;LIZY-SUR-OURCQ;3377;3441;3449;3457;3541;3633;3621;3617;3612;3609;3628
77258;LOGNES;14215;14614;14738;15028;14756;14560;14410;14575;14021;13833;14021
77259;LONGPERRIER;2071;2273;2309;2341;2370;2454;2464;2474;2470;2472;2459
77260;LONGUEVILLE;1692;1634;1625;1644;1664;1684;1760;1785;1802;1811;1820
77261;LORREZ-LE-BOCAGE-PREAUX;1265;1251;1249;1247;1243;1236;1252;1267;1283;1281;1291
77262;LOUAN-VILLEGRUIS-FONTAINE;421;501;508;510;512;514;520;524;514;504;494
77263;LUISETAINES;208;225;220;225;229;233;238;240;241;241;242
77264;LUMIGNY-NESLES-ORMEAUX;1319;1494;1510;1508;1512;1515;1519;1534;1543;1538;1534
77265;LUZANCY;809;942;981;997;1030;1052;1073;1075;1101;1094;1101
77266;MACHAULT;634;685;694;702;710;722;739;755;771;787;788
77267;LAŒæMADELEINE-SUR-LOING;354;376;365;353;342;337;332;338;344;350;350
77268;MAGNY-LE-HONGRE;1791;4954;5158;5329;5500;5918;6580;7148;7722;8297;8428
77269;MAINCY;1706;1710;1728;1721;1711;1702;1691;1712;1715;1707;1699
77270;MAISONCELLES-EN-BRIE;683;799;816;832;839;852;855;859;862;867;865
77271;MAISONCELLES-EN-GATINAIS;112;131;133;136;138;138;134;131;128;125;130
77272;MAISON-ROUGE;693;758;795;831;868;877;893;892;892;891;886
77273;MARCHEMORET;332;455;554;565;559;554;548;552;553;557;561
77274;MARCILLY;353;384;397;411;424;435;446;454;463;471;477
77275;LESŒæMARETS;135;152;152;152;153;153;154;153;153;152;151
77276;MAREUIL-LES-MEAUX;1579;1848;1947;2047;2120;2194;2241;2384;2730;2836;2942
77277;MARLES-EN-BRIE;1294;1409;1417;1414;1424;1433;1443;1462;1484;1530;1565
77278;MAROLLES-EN-BRIE;355;425;430;420;411;401;395;393;397;400;404
77279;MAROLLES-SUR-SEINE;1357;1542;1563;1568;1593;1600;1609;1618;1646;1671;1697
77280;MARY-SUR-MARNE;1160;1170;1171;1192;1196;1203;1207;1210;1211;1207;1186
77281;MAUPERTHUIS;429;468;474;476;480;486;493;499;497;495;491
77282;MAUREGARD;237;256;249;271;292;314;317;332;335;338;341
77283;MAY-EN-MULTIEN;797;843;842;851;867;883;899;901;908;906;905
77284;MEAUX;49421;48842;48466;48653;49612;50755;52225;53623;53766;53526;53720
77285;LEŒæMEE-SUR-SEINE;21217;20580;20844;20827;20478;20609;20693;20577;20713;20766;20756
77286;MEIGNEUX;174;207;212;215;222;229;236;243;244;249;243
77287;MEILLERAY;398;475;479;482;492;501;511;513;507;507;506
77288;MELUN;35695;37663;37835;38938;39400;39589;39497;40503;40066;40011;39914
77289;MELZ-SUR-SEINE;339;370;375;379;377;375;371;367;363;365;358
77290;MERY-SUR-MARNE;483;581;594;607;617;625;627;636;646;656;660
77291;LEŒæMESNIL-AMELOT;565;682;872;880;870;861;851;852;844;897;947
77292;MESSY;896;1058;1081;1104;1089;1089;1097;1105;1113;1111;1123
77293;MISY-SUR-YONNE;749;929;934;947;960;974;983;986;988;985;982
77294;MITRY-MORY;16869;17903;18348;18513;18455;18499;18828;19147;19267;19675;19847
77295;MOISENAY;1161;1138;1124;1105;1149;1194;1238;1269;1314;1333;1352
77296;MOISSY-CRAMAYEL;14298;16549;16932;17186;17010;17272;17243;17452;17500;17606;17630
77297;MONDREVILLE;354;354;354;354;357;364;363;363;362;358;353
77298;MONS-EN-MONTOIS;390;426;442;457;473;482;482;480;478;476;463
77299;MONTARLOT;227;208;205;208;206;216;225;234;234;0;0
77300;MONTCEAUX-LES-MEAUX;574;613;618;610;610;608;607;605;601;606;602
77301;MONTCEAUX-LES-PROVINS;337;335;335;335;330;328;333;338;343;345;341
77302;MONTCOURT-FROMONVILLE;2231;2137;2123;2113;2106;2090;2073;2057;2046;2019;2007
77303;MONTDAUPHIN;184;212;214;219;225;231;234;235;238;240;243
77304;MONTENILS;40;38;38;37;36;36;34;32;30;29;28
77305;MONTEREAU-FAULT-YONNE;17625;16768;16802;16275;16266;16681;16573;16682;17173;18339;18871
77306;MONTEREAU-SUR-LE-JARD;567;582;583;576;570;563;556;549;542;534;527
77307;MONTEVRAIN;3149;5208;5509;7532;8363;8675;8950;9225;9625;9741;10337
77308;MONTGE-EN-GOELE;633;692;695;693;690;688;693;695;710;724;739
77309;MONTHYON;1337;1604;1629;1638;1640;1642;1644;1652;1684;1693;1701
77310;MONTIGNY-LE-GUESDIER;285;273;282;292;301;301;298;299;299;300;299
77311;MONTIGNY-LENCOUP;1225;1259;1255;1255;1267;1275;1283;1284;1302;1322;1345
77312;MONTIGNY-SUR-LOING;2796;2734;2749;2764;2779;2791;2791;2766;2741;2716;2728
77313;MONTMACHOUX;220;230;231;229;229;231;233;235;233;231;236
77314;MONTOLIVET;203;247;253;248;246;245;243;242;242;247;244
77315;MONTRY;3066;3227;3237;3231;3232;3287;3343;3398;3403;3531;3574
77316;MORET-SUR-LOING;4402;4478;4472;4423;4376;4330;4318;4305;6777;7555;12426
77317;MORMANT;4362;4338;4292;4326;4356;4387;4433;4503;4572;4645;4717
77318;MORTCERF;1307;1416;1440;1449;1458;1467;1455;1450;1454;1457;1461
77319;MORTERY;153;169;171;174;177;177;171;164;158;155;152
77320;MOUROUX;4201;4609;4671;4737;4782;4889;4997;5104;5172;5228;5336
77321;MOUSSEAUX-LES-BRAY;617;654;660;665;685;692;707;723;738;749;756
77322;MOUSSY-LE-NEUF;2387;2370;2572;2686;2799;2913;2935;2927;2958;2990;3021
77323;MOUSSY-LE-VIEUX;1008;1080;1085;1069;1042;1014;987;984;1045;1157;1268
77325;MOUY-SUR-SEINE;381;374;373;371;371;364;360;362;363;362;356
77326;NANDY;6159;5935;5903;5852;5774;5814;5851;5888;5867;5846;5910
77327;NANGIS;7479;7557;7560;7637;7815;7979;8165;8351;8445;8549;8593
77328;NANTEAU-SUR-ESSONNE;394;422;426;430;430;427;434;442;449;445;443
77329;NANTEAU-SUR-LUNAIN;485;683;677;676;674;671;679;691;702;713;706
77330;NANTEUIL-LES-MEAUX;5009;5278;5316;5348;5367;5433;5454;5475;5890;5799;5871
77331;NANTEUIL-SUR-MARNE;458;462;456;462;468;474;478;481;471;462;452
77332;NANTOUILLET;264;267;271;265;266;267;267;273;278;277;277
77333;NEMOURS;12898;12434;12813;12645;12692;12745;12822;12770;12824;13052;13358
77335;CHAUCONIN-NEUFMONTIERS;1494;2487;2560;2634;2707;2720;2754;2833;2911;2990;3017
77336;NEUFMOUTIERS-EN-BRIE;854;977;992;1007;997;999;972;946;921;915;914
77337;NOISIEL;15502;15379;15429;15634;15512;15660;15786;15625;15638;15523;15627
77338;NOISY-RUDIGNON;460;564;571;579;586;586;599;606;613;620;621
77339;NOISY-SUR-ECOLE;1823;1842;1895;1948;2001;2012;2020;1965;1909;1854;1847
77340;NONVILLE;558;611;617;622;640;622;613;605;602;601;607
77341;NOYEN-SUR-SEINE;318;358;364;369;373;378;370;363;355;354;356
77342;OBSONVILLE;89;100;101;109;106;103;100;97;98;97;102
77343;OCQUERRE;307;367;378;393;408;419;426;442;445;448;450
77344;OISSERY;1546;2152;2144;2136;2128;2133;2124;2124;2125;2126;2199
77345;ORLY-SUR-MORIN;561;633;639;650;660;671;672;672;676;681;685
77347;LESŒæORMES-SUR-VOULZIE;823;859;850;841;832;830;837;846;856;865;864
77348;ORMESSON;238;242;252;250;261;273;284;292;297;280;264
77349;OTHIS;6479;6501;6501;6497;6484;6471;6458;6459;6463;6543;6622
77350;OZOIR-LA-FERRIERE;20707;20152;20202;20528;20374;20268;20123;20074;19917;20196;20137
77352;OZOUER-LE-VOULGIS;1544;1644;1685;1750;1816;1809;1815;1826;1837;1848;1866
77353;PALEY;411;434;430;425;431;437;443;444;442;435;427
77354;PAMFOU;836;916;926;936;936;930;936;937;938;952;957
77355;PAROY;193;173;172;171;174;177;180;180;179;176;174
77356;PASSY-SUR-SEINE;34;39;40;41;43;44;47;49;52;53;50
77357;PECY;677;800;821;821;821;821;819;830;837;843;850
77358;PENCHARD;799;1007;1025;1029;1033;1037;1055;1070;1073;1077;1081
77359;PERTHES;1896;2063;2088;2096;2101;2114;2127;2134;2137;2097;2050
77360;PEZARCHES;267;344;355;369;378;386;395;404;409;417;408
77361;PIERRE-LEVEE;354;427;437;450;458;466;473;480;483;495;487
77363;LEŒæPIN;1069;1187;1209;1197;1185;1183;1269;1325;1373;1422;1411
77364;LEŒæPLESSIS-AUX-BOIS;172;250;248;247;245;240;236;249;262;275;283
77365;LEŒæPLESSIS-FEU-AUSSOUX;374;504;522;538;546;545;545;544;537;532;552
77366;LEŒæPLESSIS-L'EVEQUE;234;239;238;243;247;251;257;258;268;279;289
77367;LEŒæPLESSIS-PLACY;262;264;264;266;265;269;272;276;278;276;273
77368;POIGNY;408;447;438;460;480;499;496;493;501;512;523
77369;POINCY;694;701;706;712;717;709;701;701;696;690;683
77370;POLIGNY;813;813;813;813;811;821;823;825;827;824;816
77371;POMMEUSE;2476;2693;2674;2693;2756;2800;2844;2835;2859;2862;2888
77372;POMPONNE;3256;3309;3336;3333;3331;3364;3547;3579;3640;3701;3966
77373;PONTAULT-COMBAULT;32886;34546;34733;34815;35252;35561;36458;37631;37847;38135;38370
77374;PONTCARRE;1816;2018;2009;1996;1998;2001;2014;2034;2067;2103;2140
77376;PRECY-SUR-MARNE;480;685;688;719;747;767;788;794;811;802;799
77377;PRESLES-EN-BRIE;1680;2041;2067;2147;2198;2249;2281;2288;2244;2235;2227
77378;PRINGY;2316;2541;2554;2578;2537;2498;2459;2549;2735;2800;2872
77379;PROVINS;11667;11871;12267;12264;12349;12301;12206;12161;11940;11736;11683
77380;PUISIEUX;282;287;285;294;304;313;315;320;318;317;315
77381;QUIERS;583;646;654;663;671;678;690;685;680;675;672
77382;QUINCY-VOISINS;4561;4901;4944;4986;5063;5072;5092;5078;5064;5132;5468
77383;RAMPILLON;607;762;774;786;791;795;799;802;806;812;819
77384;REAU;705;972;1009;1046;1061;1096;1321;1548;1775;1774;1777
77385;REBAIS;2020;2083;2104;2125;2146;2151;2146;2174;2202;2230;2261
77386;RECLOSES;600;676;687;692;702;699;699;699;704;710;685
77387;REMAUVILLE;368;428;436;444;452;470;475;473;471;469;463
77388;REUIL-EN-BRIE;819;863;865;858;850;842;837;832;829;825;822
77389;LAŒæROCHETTE;2759;2930;2966;2975;3039;3095;3151;3119;3238;3277;3321
77390;ROISSY-EN-BRIE;19693;21230;21971;22178;22237;22321;22436;22518;22559;22954;23048
77391;ROUILLY;428;467;472;487;487;486;486;495;493;491;488
77392;ROUVRES;596;615;625;624;624;623;623;620;706;791;877
77393;ROZAY-EN-BRIE;2613;2703;2712;2721;2715;2741;2770;2816;2863;2864;2867
77394;RUBELLES;1653;1848;1830;1817;1868;1885;1903;1989;2012;2091;2121
77395;RUMONT;124;126;127;126;126;125;124;123;123;124;125
77396;RUPEREUX;74;91;94;98;101;103;102;102;102;102;102
77397;SAACY-SUR-MARNE;1658;1764;1756;1734;1740;1747;1760;1766;1793;1795;1796
77398;SABLONNIERES;628;671;677;682;694;696;699;701;703;705;710
77399;SAINT-ANGE-LE-VIEL;215;226;227;235;226;228;229;231;231;234;234
77400;SAINT-AUGUSTIN;1413;1627;1639;1661;1682;1703;1724;1743;1751;1749;1746
77401;SAINTE-AULDE;516;604;615;626;635;650;660;679;698;706;704
77402;SAINT-BARTHELEMY;361;329;341;353;365;386;397;379;361;343;334
77403;SAINT-BRICE;719;747;751;751;721;693;665;663;666;700;734
77404;SAINTE-COLOMBE;1697;1705;1723;1736;1753;1769;1786;1795;1814;1816;1816
77405;SAINT-CYR-SUR-MORIN;1684;1772;1802;1835;1868;1902;1903;1914;1926;1937;1931
77406;SAINT-DENIS-LES-REBAIS;780;897;914;931;944;951;946;941;936;935;936
77407;SAINT-FARGEAU-PONTHIERRY;11224;11932;12180;12278;12165;12462;12909;13170;13497;13974;14172
77408;SAINT-FIACRE;389;371;369;376;374;384;395;405;407;410;407
77409;SAINT-GERMAIN-LAVAL;2602;2784;2762;2740;2750;2773;2798;2805;2821;2813;2801
77410;SAINT-GERMAIN-LAXIS;514;554;537;519;502;497;506;571;635;700;728
77411;SAINT-GERMAIN-SOUS-DOUE;382;461;472;478;480;482;483;485;496;505;516
77412;SAINT-GERMAIN-SUR-ECOLE;328;353;355;361;363;359;353;347;345;348;350
77413;SAINT-GERMAIN-SUR-MORIN;2755;3281;3362;3406;3511;3565;3553;3541;3552;3558;3561
77414;SAINT-HILLIERS;400;427;431;429;443;448;454;459;464;465;468
77415;SAINT-JEAN-LES-DEUX-JUMEAUX;1227;1202;1213;1177;1142;1107;1098;1106;1158;1206;1255
77416;SAINT-JUST-EN-BRIE;196;251;255;258;251;244;237;234;231;233;236
77417;SAINT-LEGER;200;200;201;201;201;205;205;217;230;243;252
77418;SAINT-LOUP-DE-NAUD;855;883;886;889;885;894;887;887;887;888;887
77419;SAINT-MAMMES;3084;3177;3192;3195;3211;3179;3180;3181;3181;3238;3272
77420;SAINT-MARD;3445;3625;3663;3709;3753;3798;3816;3849;3841;3834;3827
77421;SAINT-MARS-VIEUX-MAISONS;188;280;290;283;275;268;270;265;271;276;282
77423;SAINT-MARTIN-DES-CHAMPS;552;678;689;697;706;715;723;721;705;690;674
77424;SAINT-MARTIN-DU-BOSCHET;187;262;273;283;296;302;298;294;290;294;296
77425;SAINT-MARTIN-EN-BIERE;754;830;831;823;815;807;797;798;787;777;767
77426;SAINT-MERY;366;386;389;391;397;389;380;372;374;373;363
77427;SAINT-MESMES;462;519;527;535;541;561;574;587;600;607;614
77428;SAINT-OUEN-EN-BRIE;704;843;840;843;846;853;860;859;858;852;848
77429;SAINT-OUEN-SUR-MORIN;537;576;573;564;562;559;557;553;553;549;545
77430;SAINT-PATHUS;4829;5261;5258;5367;5545;5723;5901;5901;5918;5973;6007
77431;SAINT-PIERRE-LES-NEMOURS;5815;5753;5742;5716;5658;5617;5575;5560;5555;5514;5490
77432;SAINT-REMY-LA-VANNE;807;893;922;950;977;994;991;988;987;986;982
77433;SAINTS;1173;1266;1276;1287;1286;1281;1293;1327;1361;1379;1377
77434;SAINT-SAUVEUR-LES-BRAY;287;312;316;320;322;330;339;347;350;348;352
77435;SAINT-SAUVEUR-SUR-ECOLE;1048;1079;1079;1095;1091;1088;1095;1097;1109;1116;1123
77436;SAINT-SIMEON;737;823;836;848;863;866;874;883;892;895;901
77437;SAINT-SOUPPLETS;2890;3327;3300;3273;3246;3249;3231;3238;3246;3253;3266
77438;SAINT-THIBAULT-DES-VIGNES;6382;6446;6510;6417;6325;6300;6259;6256;6296;6335;6341
77439;SALINS;916;997;991;1014;1018;1022;1026;1024;1029;1046;1064
77440;SAMMERON;956;1008;1015;1022;1031;1030;1051;1073;1095;1112;1121
77441;SAMOIS-SUR-SEINE;2236;2021;2062;2084;2107;2097;2100;2098;2095;2093;2079
77442;SAMOREAU;2157;2290;2341;2333;2325;2317;2328;2317;2325;2332;2338
77443;SANCY;306;336;353;368;383;384;382;379;379;379;378
77444;SANCY-LES-PROVINS;269;311;311;312;321;330;340;339;343;336;329
77445;SAVIGNY-LE-TEMPLE;22339;25130;26905;27757;28113;28599;29074;29555;30068;30172;30260
77446;SAVINS;508;595;608;620;626;630;621;612;603;604;604
77447;SEINE-PORT;1754;1902;1927;1939;1950;1962;1960;1927;1917;1908;1898
77448;SEPT-SORTS;394;447;436;449;441;433;425;422;432;452;471
77449;SERRIS;2320;6061;6592;7123;7402;7595;7866;8117;8369;8603;8621
77450;SERVON;2791;2851;2881;2910;2940;2974;3104;3121;3138;3154;3133
77451;SIGNY-SIGNETS;564;594;599;601;598;602;607;611;607;603;596
77452;SIGY;70;68;62;55;48;47;47;49;52;54;53
77453;SIVRY-COURTRY;982;992;986;981;975;1016;1027;1091;1154;1218;1235
77454;SOGNOLLES-EN-MONTOIS;345;406;415;424;427;427;420;413;406;408;413
77455;SOIGNOLLES-EN-BRIE;1962;2031;2008;2015;2044;2073;2077;2084;2055;2021;1987
77456;SOISY-BOUY;748;783;788;792;797;805;802;808;813;818;818
77457;SOLERS;1243;1279;1284;1288;1250;1253;1246;1253;1261;1270;1260
77458;SOUPPES-SUR-LOING;5348;5531;5605;5667;5628;5561;5494;5496;5494;5450;5424
77459;SOURDUN;1232;1463;1510;1556;1603;1430;1457;1436;1465;1493;1487
77460;TANCROU;272;314;326;338;350;367;385;379;372;366;367
77461;THENISY;239;277;277;277;277;277;275;280;284;288;288
77462;THIEUX;683;785;807;809;812;804;801;811;811;812;828
77463;THOMERY;3203;3290;3345;3385;3425;3436;3429;3443;3468;3493;3502
77464;THORIGNY-SUR-MARNE;9029;9329;9386;9409;9315;9220;9125;9107;9150;9301;9456
77465;THOURY-FEROTTES;609;600;596;620;644;668;680;702;693;685;677
77466;TIGEAUX;366;373;374;375;370;373;375;376;378;378;378
77467;LAŒæTOMBE;222;231;226;220;214;214;208;215;221;228;231
77468;TORCY;21595;22299;22117;21931;22225;22425;22866;23471;23669;23609;23558
77469;TOUQUIN;950;1104;1101;1098;1095;1095;1093;1130;1165;1200;1201
77470;TOURNAN-EN-BRIE;7545;8348;8250;8178;8116;8054;8174;8261;8439;8630;8822
77471;TOUSSON;378;389;390;382;375;367;362;358;368;378;388
77472;LAŒæTRETOIRE;389;384;369;368;392;417;441;442;454;464;473
77473;TREUZY-LEVELAY;431;444;446;451;463;460;457;454;455;455;446
77474;TRILBARDOU;517;592;602;613;636;639;652;666;679;685;683
77475;TRILPORT;4602;4793;4817;4840;4845;4844;4866;4898;4930;4955;4976
77476;TROCY-EN-MULTIEN;225;257;261;266;266;274;265;256;247;248;244
77477;URY;757;836;828;819;811;797;790;804;819;833;836
77478;USSY-SUR-MARNE;841;934;940;942;960;979;997;1012;1016;1029;1042
77479;VAIRES-SUR-MARNE;11772;11577;11765;11962;12047;12293;12812;13273;13200;13394;13579
77480;VALENCE-EN-BRIE;653;844;870;899;919;911;904;896;903;915;932
77481;VANVILLE;184;177;176;172;170;169;167;158;153;162;172
77482;VARENNES-SUR-SEINE;3153;3155;3170;3232;3294;3355;3377;3406;3416;3422;3429
77483;VARREDDES;1810;1867;1872;1862;1860;1858;1856;1856;1884;1904;1925
77484;VAUCOURTOIS;202;209;210;211;209;209;213;217;221;223;237
77485;LEŒæVAUDOUE;717;741;744;748;744;748;754;761;767;763;759
77486;VAUDOY-EN-BRIE;675;808;805;814;826;837;849;861;879;884;889
77487;VAUX-LE-PENIL;10688;11327;11377;11257;11171;10866;10803;10730;10764;10884;11039
77489;VAUX-SUR-LUNAIN;192;197;197;196;197;200;203;206;204;204;211
77490;VENDREST;609;703;711;719;727;730;718;728;739;749;750
77491;VENEUX-LES-SABLONS;4617;4736;4743;4776;4788;4799;4820;4802;4813;4817;0
77492;VERDELOT;653;728;742;738;732;726;709;706;699;696;692
77493;VERNEUIL-L'ETANG;3135;3069;3058;3142;3139;3167;3185;3203;3239;3223;3214
77494;VERNOU-LA-CELLE-SUR-SEINE;2499;2653;2673;2693;2671;2652;2669;2691;2713;2689;2697
77495;VERT-SAINT-DENIS;7493;7129;7081;7012;6951;6966;6986;7007;7154;7156;7369
77496;VIEUX-CHAMPAGNE;190;177;173;175;178;180;179;183;185;187;189
77498;VIGNELY;159;230;235;245;253;256;260;264;273;285;298
77500;VILLEBEON;406;466;463;459;456;457;457;468;473;477;480
77501;VILLECERF;738;801;809;806;772;738;704;700;700;707;714
77504;VILLEMARECHAL;791;841;841;838;835;833;830;832;835;848;862
77505;VILLEMAREUIL;352;370;377;383;390;396;397;401;404;408;413
77506;VILLEMER;648;651;652;659;669;676;683;693;706;724;733
77507;VILLENAUXE-LA-PETITE;372;426;456;470;478;487;495;502;503;480;458
77508;VILLENEUVE-LE-COMTE;1683;1755;1760;1766;1772;1778;1791;1826;1836;1845;1852
77509;VILLENEUVE-LES-BORDES;579;560;570;580;590;612;609;606;604;602;605
77510;VILLENEUVE-SAINT-DENIS;670;693;696;699;702;714;728;741;754;867;861
77511;VILLENEUVE-SOUS-DAMMARTIN;534;600;609;614;616;625;636;646;646;661;654
77512;VILLENEUVE-SUR-BELLOT;1070;1135;1144;1136;1142;1141;1141;1141;1143;1152;1145
77513;VILLENOY;3542;3988;4039;4033;4228;4153;4161;4168;4274;4274;4492
77514;VILLEPARISIS;21296;23302;23368;23879;24146;24122;24525;25556;25889;25888;26255
77515;VILLEROY;587;657;666;676;685;694;700;706;711;717;727
77516;VILLE-SAINT-JACQUES;673;708;715;722;721;720;718;722;719;743;768
77517;VILLEVAUDE;1599;1651;1680;1708;1717;1731;2027;2040;2053;2080;2102
77518;VILLIERS-EN-BIERE;196;214;215;211;213;215;218;224;226;221;217
77519;VILLIERS-SAINT-GEORGES;1030;1137;1138;1163;1188;1213;1205;1209;1210;1212;1214
77520;VILLIERS-SOUS-GREZ;764;763;763;763;760;750;750;750;750;745;740
77521;VILLIERS-SUR-MORIN;1527;1677;1684;1741;1795;1849;1882;1911;1918;1922;1925
77522;VILLIERS-SUR-SEINE;316;328;333;331;313;308;303;303;301;303;302
77523;VILLUIS;222;248;252;256;258;256;260;264;268;270;276
77524;VIMPELLES;438;472;477;486;494;503;503;508;513;518;523
77525;VINANTES;287;328;333;334;341;348;355;363;364;370;377
77526;VINCY-MANOEUVRE;193;190;198;206;214;212;209;229;249;269;289
77527;VOINSLES;500;539;551;564;577;576;584;593;601;610;606
77528;VOISENON;1027;1111;1108;1096;1094;1046;1027;1008;1010;1104;1109
77529;VOULANGIS;1261;1415;1453;1490;1528;1537;1546;1544;1541;1539;1532
77530;VOULTON;293;310;310;311;307;304;301;299;301;306;312
77531;VOULX;1763;1756;1750;1744;1739;1750;1745;1750;1756;1761;1761
77532;VULAINES-LES-PROVINS;67;62;61;61;63;65;67;69;70;69;67
77533;VULAINES-SUR-SEINE;2065;2429;2466;2549;2549;2594;2640;2645;2650;2664;2688
77534;YEBLES;558;582;593;620;640;659;664;662;724;803;881
78003;ABLIS;2705;3142;3201;3260;3247;3287;3260;3255;3250;3380;3426
78005;ACHERES;18942;19850;19789;19733;19533;19626;19606;19469;19985;20923;21053
78006;ADAINVILLE;824;775;773;770;768;759;753;756;759;762;761
78007;AIGREMONT;873;1063;1075;1086;1092;1099;1105;1120;1139;1122;1106
78009;ALLAINVILLE;293;305;308;306;304;302;298;292;297;301;305
78010;LESŒæALLUETS-LE-ROI;1270;1209;1200;1194;1196;1203;1211;1218;1229;1237;1225
78013;ANDELU;370;461;474;484;500;493;485;478;474;470;472
78015;ANDRESY;12485;12558;12501;12233;12242;12174;11980;11991;12249;12117;12403
78020;ARNOUVILLE-LES-MANTES;742;794;816;827;840;852;864;876;900;910;921
78029;AUBERGENVILLE;11667;12126;12189;12134;12096;12020;11867;11622;11576;11470;11557
78030;AUFFARGIS;1859;1940;1951;1963;1979;2005;1991;1979;1966;1953;1997
78031;AUFFREVILLE-BRASSEUIL;586;611;604;596;589;586;595;612;629;646;648
78033;AULNAY-SUR-MAULDRE;1105;1145;1151;1157;1150;1158;1156;1155;1154;1152;1146
78034;AUTEUIL;864;914;913;913;905;858;869;879;893;904;921
78036;AUTOUILLET;348;453;461;463;466;474;475;476;473;470;469
78043;BAILLY;4094;4022;3999;3975;3942;3914;3902;3894;3886;3866;3932
78048;BAZAINVILLE;1192;1324;1354;1375;1395;1425;1442;1438;1443;1448;1447
78049;BAZEMONT;1526;1536;1527;1525;1523;1521;1517;1506;1519;1533;1546
78050;BAZOCHES-SUR-GUYONNE;477;576;590;599;603;591;579;567;562;569;586
78053;BEHOUST;374;453;449;458;467;476;482;491;481;470;460
78057;BENNECOURT;1784;1763;1780;1790;1798;1810;1812;1813;1793;1810;1832
78062;BEYNES;7200;7501;7501;7577;7628;7678;7676;7625;7583;7567;7552
78068;BLARU;802;924;932;932;930;929;927;930;920;909;899
78070;BOINVILLE-EN-MANTOIS;296;290;295;295;304;312;321;321;325;315;304
78071;BOINVILLE-LE-GAILLARD;496;572;583;594;600;617;616;614;613;617;611
78072;BOINVILLIERS;280;266;265;266;267;268;264;259;271;282;294
78073;BOIS-D'ARCY;12064;13331;13505;13612;13646;13693;13788;13813;14008;14081;14299
78076;BOISSETS;215;259;265;271;274;272;267;261;256;253;249
78077;LAŒæBOISSIERE-ECOLE;725;771;771;768;766;769;750;753;757;761;765
78082;BOISSY-MAUVOISIN;526;633;629;625;621;624;624;623;621;620;618
78084;BOISSY-SANS-AVOIR;519;596;601;603;595;586;578;583;590;606;622
78087;BONNELLES;2162;2078;2035;1992;1949;1913;1922;1931;1940;1949;1927
78089;BONNIERES-SUR-SEINE;3993;4049;4028;4135;4239;4344;4427;4552;4568;4575;4581
78090;BOUAFLE;2016;2161;2159;2183;2159;2132;2106;2092;2083;2102;2123
78092;BOUGIVAL;8432;8418;8416;8430;8419;8447;8472;8498;8729;8848;8798
78096;BOURDONNE;427;466;469;467;478;490;502;510;518;511;504
78104;BREUIL-BOIS-ROBERT;663;696;701;706;711;709;713;717;721;725;723
78107;BREVAL;1646;1865;1897;1928;1966;1979;1942;1906;1870;1863;1856
78108;LESŒæBREVIAIRES;1024;969;1021;1124;1227;1261;1256;1259;1260;1261;1238
78113;BRUEIL-EN-VEXIN;532;640;655;670;691;687;683;679;704;696;694
78117;BUC;5764;5502;5455;5446;5378;5312;5245;5462;5606;5660;5720
78118;BUCHELAY;2203;2256;2243;2212;2286;2346;2406;2619;2811;2930;3049
78120;BULLION;1799;1944;1951;1940;1952;1951;1951;1950;1942;1939;1931
78123;CARRIERES-SOUS-POISSY;13472;13968;13976;14512;15004;15234;15453;14943;15102;15343;15956
78124;CARRIERES-SUR-SEINE;12050;15450;15651;15415;15249;15473;15441;15087;15205;15252;15197
78125;LAŒæCELLE-LES-BORDES;842;914;924;934;935;934;909;885;860;840;827
78126;LAŒæCELLE-SAINT-CLOUD;21527;21202;20999;20870;20844;20971;21181;21132;21264;21275;21037
78128;CERNAY-LA-VILLE;1727;1652;1641;1629;1647;1643;1642;1641;1633;1614;1602
78133;CHAMBOURCY;5077;5812;5844;5961;5898;5872;5845;5857;5835;5792;5724
78138;CHANTELOUP-LES-VIGNES;9544;8924;9081;9325;9475;9626;9614;9906;10013;10204;10394
78140;CHAPET;1124;1177;1184;1191;1194;1180;1195;1209;1224;1244;1263
78143;CHATEAUFORT;1453;1409;1405;1401;1403;1429;1415;1401;1388;1375;1366
78146;CHATOU;28588;29472;30063;29940;29789;30173;30281;30585;30809;30876;31058
78147;CHAUFOUR-LES-BONNIERES;413;406;405;412;411;422;433;444;456;448;456
78152;CHAVENAY;1752;1840;1840;1851;1857;1863;1892;1878;1855;1836;1818
78158;LEŒæCHESNAY;28530;29542;29405;29309;29210;28975;29226;28980;28640;28590;28512
78160;CHEVREUSE;5364;5693;5686;5713;5740;5768;5808;5789;5750;5709;5667
78162;CHOISEL;538;518;522;523;524;525;535;538;539;539;539
78163;CIVRY-LA-FORET;310;330;331;330;343;357;370;367;366;356;347
78164;CLAIREFONTAINE-EN-YVELINES;800;791;787;772;773;790;808;805;818;822;827
78165;LESŒæCLAYES-SOUS-BOIS;17059;17078;17275;17222;17488;17553;17678;17658;17735;17668;17645
78168;COIGNIERES;4231;4400;4411;4526;4527;4527;4476;4384;4313;4332;4350
78171;CONDE-SUR-VESGRE;1038;1039;1041;1074;1106;1139;1149;1159;1157;1156;1155
78172;CONFLANS-SAINTE-HONORINE;33327;33671;33888;34814;35335;35380;35582;35135;35213;34876;35019
78185;COURGENT;403;393;392;383;369;378;387;396;394;394;388
78188;CRAVENT;325;380;390;397;403;414;423;427;436;444;452
78189;CRESPIERES;1466;1642;1657;1628;1601;1574;1568;1561;1561;1567;1573
78190;CROISSY-SUR-SEINE;9835;10067;10100;10133;10112;10048;10060;10063;9990;9936;10046
78192;DAMMARTIN-EN-SERVE;943;982;988;993;1005;1028;1055;1081;1108;1110;1109
78193;DAMPIERRE-EN-YVELINES;1051;1162;1149;1137;1125;1113;1110;1087;1063;1040;1040
78194;DANNEMARIE;261;244;249;246;244;242;243;242;229;217;204
78196;DAVRON;303;390;373;357;341;340;328;322;317;311;311
78202;DROCOURT;407;467;475;485;495;505;522;546;546;545;545
78206;ECQUEVILLY;4208;4329;4253;4176;4100;3931;3937;3987;4031;4076;4192
78208;ELANCOURT;26655;27577;27613;27337;27300;26829;26389;26488;26290;25958;25504
78209;EMANCE;738;791;795;799;834;850;859;869;878;886;879
78217;EPONE;6418;6357;6345;6332;6349;6503;6473;6467;6462;6474;6466
78220;LESŒæESSARTS-LE-ROI;6126;6123;6200;6266;6331;6318;6298;6513;6660;6807;6787
78224;L'ETANG-LA-VILLE;4496;4742;4777;4800;4810;4769;4729;4688;4745;4743;4641
78227;EVECQUEMONT;672;766;775;777;783;786;788;786;794;789;787
78230;LAŒæFALAISE;607;616;617;618;622;618;607;596;585;579;577
78231;FAVRIEUX;124;128;134;139;145;148;149;151;150;148;145
78233;FEUCHEROLLES;2806;2996;3015;3029;2968;2908;2847;2826;2792;2815;2839
78234;FLACOURT;127;145;147;146;143;140;137;134;135;132;143
78236;FLEXANVILLE;525;571;563;560;567;574;581;578;585;588;591
78237;FLINS-NEUVE-EGLISE;150;163;165;165;166;164;163;161;162;157;157
78238;FLINS-SUR-SEINE;2207;2375;2396;2383;2474;2426;2389;2353;2340;2312;2353
78239;FOLLAINVILLE-DENNEMONT;1912;1876;1871;1858;1840;1846;1851;1857;1893;1873;1962
78242;FONTENAY-LE-FLEURY;12582;12828;12974;12792;12607;12732;12981;12823;13086;13222;13374
78245;FONTENAY-MAUVOISIN;302;411;420;429;424;418;412;419;409;395;380
78246;FONTENAY-SAINT-PERE;987;986;990;994;998;995;988;990;993;996;1001
78251;FOURQUEUX;4161;4204;4173;4144;4114;4085;4095;4055;4035;4016;3996
78255;FRENEUSE;3592;3742;3823;3873;3924;3930;3933;4028;4155;4281;4445
78261;GAILLON-SUR-MONTCIENT;646;669;673;676;679;665;668;672;675;679;680
78262;GALLUIS;1034;1114;1125;1140;1145;1142;1140;1138;1136;1137;1162
78263;GAMBAIS;2064;2343;2383;2422;2457;2466;2445;2423;2402;2414;2431
78264;GAMBAISEUIL;54;63;63;63;66;69;72;71;71;66;62
78265;GARANCIERES;2242;2331;2324;2356;2369;2382;2395;2382;2377;2365;2354
78267;GARGENVILLE;6611;6725;6732;6684;6729;6770;6811;6824;6877;6978;7089
78269;GAZERAN;1156;1162;1161;1187;1212;1238;1256;1265;1272;1280;1287
78276;GOMMECOURT;567;636;643;645;652;659;666;672;683;680;678
78278;GOUPILLIERES;381;433;432;421;441;460;480;491;512;512;512
78281;GOUSSONVILLE;557;590;595;600;611;617;615;614;613;614;615
78283;GRANDCHAMP;232;295;299;302;306;309;313;319;321;322;324
78285;GRESSEY;475;527;535;540;541;541;542;547;554;551;548
78289;GROSROUVRE;763;817;834;866;900;933;949;984;961;937;913
78290;GUERNES;827;902;940;976;1012;1011;1010;1032;1057;1082;1080
78291;GUERVILLE;1899;1985;1997;2020;2050;2079;2109;2139;2135;2131;2136
78296;GUITRANCOURT;612;622;625;631;638;645;651;651;635;620;605
78297;GUYANCOURT;25079;28219;28563;28600;28189;27966;28245;28039;27546;27328;27801
78299;HARDRICOURT;1918;1926;1978;2034;2090;2083;2076;2070;2064;2059;2124
78300;HARGEVILLE;319;370;371;374;386;397;409;421;436;438;441
78302;LAŒæHAUTEVILLE;159;177;177;178;178;176;175;176;177;178;178
78305;HERBEVILLE;312;282;276;330;308;287;265;263;260;257;254
78307;HERMERAY;831;919;926;932;939;948;956;953;949;945;954
78310;HOUDAN;3112;3105;3181;3257;3333;3289;3337;3381;3423;3464;3535
78311;HOUILLES;29634;30835;30973;30908;31020;31557;31952;32399;32287;32481;31981
78314;ISSOU;3382;4468;4470;4473;4475;4539;4552;4455;4359;4262;4199
78317;JAMBVILLE;623;754;770;785;800;809;826;831;837;843;844
78320;JEUFOSSE;346;429;438;432;430;427;428;429;424;420;415
78321;JOUARS-PONTCHARTRAIN;4569;5047;5145;5192;5239;5267;5297;5289;5283;5278;5476
78322;JOUY-EN-JOSAS;7946;8055;8081;8107;8159;8187;8211;8251;8291;8309;8312
78324;JOUY-MAUVOISIN;505;524;522;532;543;553;553;557;556;556;556
78325;JUMEAUVILLE;554;582;584;586;593;592;584;590;597;607;607
78327;JUZIERS;3370;3652;3668;3767;3764;3773;3781;3817;3851;3820;3789
78329;LAINVILLE-EN-VEXIN;753;793;787;779;795;812;828;824;823;815;806
78334;LEVIS-SAINT-NOM;1696;1729;1732;1701;1702;1705;1708;1690;1676;1653;1630
78335;LIMAY;15709;15779;15873;15961;16192;16302;16304;16128;16040;16144;16356
78337;LIMETZ-VILLEZ;1753;1894;1919;1930;1942;1891;1904;1918;1934;1939;1938
78343;LESŒæLOGES-EN-JOSAS;1451;1453;1464;1493;1521;1548;1546;1550;1527;1507;1486
78344;LOMMOYE;525;608;606;619;631;644;647;662;665;668;671
78346;LONGNES;1360;1430;1473;1471;1469;1467;1455;1464;1456;1448;1440
78349;LONGVILLIERS;442;485;493;500;514;516;510;505;499;497;498
78350;LOUVECIENNES;7111;7234;7247;7260;7270;7245;7186;7120;7054;7059;7143
78354;MAGNANVILLE;5624;5444;5505;5566;5626;5846;5904;5925;5943;5961;5954
78356;MAGNY-LES-HAMEAUX;8769;8857;8779;8881;8954;9027;9100;9061;9063;9136;9197
78358;MAISONS-LAFFITTE;21856;22566;22649;22569;22717;22817;23125;23215;23194;23705;23371
78361;MANTES-LA-JOLIE;43672;41930;42916;42593;43128;42969;42727;43515;45052;44985;44799
78362;MANTES-LA-VILLE;19231;18506;18739;18891;18871;19234;19839;19944;20251;19858;19778
78364;MARCQ;597;682;693;704;711;707;711;723;735;749;753
78366;MAREIL-LE-GUYON;348;408;417;425;418;401;385;369;366;358;364
78367;MAREIL-MARLY;3180;3430;3468;3481;3517;3517;3518;3519;3542;3562;3524
78368;MAREIL-SUR-MAULDRE;1760;1743;1740;1737;1736;1731;1734;1738;1741;1745;1747
78372;MARLY-LE-ROI;16759;16655;16606;16873;16604;16614;16645;16600;16485;16331;16431
78380;MAULE;5863;5895;5865;5885;5838;5801;5764;5711;5675;5743;5800
78381;MAULETTE;712;752;735;742;749;756;796;809;840;872;904
78382;MAURECOURT;3493;4057;4134;4212;4307;4302;4328;4369;4411;4402;4422
78383;MAUREPAS;19586;18705;18789;18752;18768;18679;18928;18907;18827;18769;18840
78384;MEDAN;1393;1475;1487;1479;1476;1456;1436;1417;1406;1404;1394
78385;MENERVILLE;191;198;197;197;199;202;205;208;219;216;213
78389;MERE;1675;1699;1703;1706;1712;1700;1708;1699;1690;1702;1680
78391;MERICOURT;360;391;396;394;393;391;386;381;393;405;417
78396;LEŒæMESNIL-LE-ROI;6207;6386;6401;6416;6421;6415;6408;6383;6365;6331;6303
78397;LEŒæMESNIL-SAINT-DENIS;6518;6610;6622;6596;6623;6629;6611;6593;6605;6684;6714
78398;LESŒæMESNULS;883;879;878;878;874;874;863;852;841;873;866
78401;MEULAN;8394;8727;8773;8738;8798;8855;8921;8988;8992;9241;9170
78402;MEZIERES-SUR-SEINE;3341;3468;3485;3502;3468;3526;3556;3587;3626;3647;3636
78403;MEZY-SUR-SEINE;1789;1893;1908;1923;1920;1949;1964;1984;2004;1997;2018
78404;MILLEMONT;206;241;246;251;252;251;248;246;243;245;241
78406;MILON-LA-CHAPELLE;339;321;319;323;328;311;295;279;272;262;271
78407;MITTAINVILLE;514;613;627;622;624;613;603;592;596;599;602
78410;MOISSON;795;899;900;918;922;924;927;919;923;939;951
78413;MONDREVILLE;348;356;357;353;352;369;386;403;406;406;406
78415;MONTAINVILLE;507;553;559;569;572;561;549;537;529;523;517
78416;MONTALET-LE-BOIS;291;322;326;326;321;327;334;340;338;333;327
78417;MONTCHAUVET;254;285;290;294;295;288;281;274;271;267;273
78418;MONTESSON;13750;14760;14885;15090;15354;15193;15270;15280;15183;15126;15145
78420;MONTFORT-L'AMAURY;3137;3076;3088;3102;3115;3138;3127;3073;3019;2965;2953
78423;MONTIGNY-LE-BRETONNEUX;35216;33968;34038;33993;33691;33337;33567;33680;33625;33252;33123
78431;MORAINVILLIERS;2193;2362;2387;2412;2400;2399;2473;2547;2620;2714;2738
78437;MOUSSEAUX-SUR-SEINE;558;606;610;613;617;613;617;640;658;676;683
78439;MULCENT;71;93;96;99;111;113;108;104;99;97;108
78440;LESŒæMUREAUX;31739;32634;32911;32337;31490;30859;30739;30760;31487;31647;32048
78442;NEAUPHLE-LE-CHATEAU;2771;2948;2973;2981;2995;3011;3028;3044;3097;3134;3214
78443;NEAUPHLE-LE-VIEUX;707;693;692;691;691;751;811;868;926;961;974
78444;NEAUPHLETTE;806;915;916;909;899;890;881;877;868;858;849
78451;NEZEL;945;944;944;968;998;1042;1070;1097;1116;1118;1081
78455;NOISY-LE-ROI;7718;8087;8045;7964;7888;7811;7765;7721;7684;7617;7550
78460;OINVILLE-SUR-MONTCIENT;1131;1131;1131;1131;1119;1115;1111;1107;1105;1093;1088
78464;ORCEMONT;826;847;855;855;851;847;843;846;865;907;948
78465;ORGERUS;2245;2324;2336;2347;2343;2358;2354;2340;2325;2316;2296
78466;ORGEVAL;4801;5456;5795;5828;5841;5855;5919;5978;5985;6016;6045
78470;ORPHIN;928;924;925;918;916;913;911;908;899;899;898
78472;ORSONVILLE;240;299;326;333;332;332;331;338;338;337;335
78474;ORVILLIERS;484;566;578;589;651;683;702;722;741;754;781
78475;OSMOY;316;404;399;393;387;382;378;371;364;357;357
78478;PARAY-DOUAVILLE;162;224;229;233;238;242;242;248;251;254;257
78481;LEŒæPECQ;16318;15690;15935;16406;16447;16496;16675;16350;16237;16328;16131
78484;PERDREAUVILLE;536;589;593;596;600;622;630;632;629;626;628
78486;LEŒæPERRAY-EN-YVELINES;5828;6388;6427;6460;6531;6600;6669;6680;6713;6734;6755
78490;PLAISIR;31045;31539;30937;30773;30709;30958;31074;31119;31342;31753;31857
78497;POIGNY-LA-FORET;872;997;1014;1032;1030;1034;1017;983;949;973;966
78498;POISSY;35841;35860;37109;37466;37816;37680;37662;37597;37461;36994;37093
78499;PONTHEVRARD;471;542;562;581;601;601;602;608;614;620;622
78501;PORCHEVILLE;2502;2522;2546;2664;2748;2832;3071;3094;3051;3031;3011
78502;LEŒæPORT-MARLY;4412;4608;4623;4712;4656;4803;4946;5089;5335;5413;5453
78503;PORT-VILLEZ;176;217;227;233;240;246;244;245;245;244;244
78505;PRUNAY-LE-TEMPLE;301;360;368;376;384;394;404;414;432;436;430
78506;PRUNAY-EN-YVELINES;846;814;815;806;810;813;816;810;811;825;839
78513;LAŒæQUEUE-LES-YVELINES;1844;2024;2049;2073;2126;2161;2164;2168;2171;2183;2189
78516;RAIZEUX;732;809;820;831;838;847;864;882;900;906;923
78517;RAMBOUILLET;24758;25661;26157;25827;26065;26159;25860;25833;25926;25755;25456
78518;RENNEMOULIN;128;137;141;131;121;111;112;113;113;112;112
78520;RICHEBOURG;1378;1429;1444;1474;1492;1510;1527;1535;1542;1548;1504
78522;ROCHEFORT-EN-YVELINES;774;913;933;953;950;960;937;913;890;903;885
78524;ROCQUENCOURT;3218;3261;3267;3273;3247;3215;3217;3216;3216;3199;3174
78528;ROLLEBOISE;401;407;408;408;411;412;406;402;398;410;402
78530;ROSAY;364;362;365;371;378;385;382;378;372;366;360
78531;ROSNY-SUR-SEINE;4758;5043;5181;5317;5454;5521;5614;5689;5766;5842;6185
78536;SAILLY;349;370;372;374;376;379;380;381;381;382;387
78537;SAINT-ARNOULT-EN-YVELINES;5671;5699;5842;5984;6127;6150;6154;6128;6103;6077;6086
78545;SAINT-CYR-L'ECOLE;14566;15778;16710;17590;17549;17401;17655;17562;18089;18344;18221
78548;SAINT-FORGET;521;484;486;482;478;474;463;459;477;494;512
78550;SAINT-GERMAIN-DE-LA-GRANGE;1622;1795;1816;1827;1837;1824;1819;1835;1843;1850;1861
78551;SAINT-GERMAIN-EN-LAYE;38423;41312;41517;40940;40945;40481;40653;39476;39547;39540;39980
78557;SAINT-HILARION;799;883;895;903;905;901;897;893;894;882;894
78558;SAINT-ILLIERS-LA-VILLE;269;278;277;279;300;321;342;340;343;344;344
78559;SAINT-ILLIERS-LE-BOIS;437;442;443;447;450;453;462;463;454;444;434
78561;SAINT-LAMBERT;380;375;388;402;415;418;436;440;444;448;451
78562;SAINT-LEGER-EN-YVELINES;1322;1409;1443;1456;1470;1484;1491;1489;1456;1422;1388
78564;SAINT-MARTIN-DE-BRETHENCOURT;588;591;598;611;623;635;634;638;642;645;649
78565;SAINT-MARTIN-DES-CHAMPS;305;321;325;328;324;321;317;328;322;318;313
78567;SAINT-MARTIN-LA-GARENNE;740;809;846;877;908;920;931;943;964;986;1003
78569;SAINTE-MESME;866;841;838;873;907;942;929;906;911;915;920
78571;SAINT-NOM-LA-BRETECHE;4966;4845;4949;5053;5157;5147;5164;5101;5037;4972;4945
78575;SAINT-REMY-LES-CHEVREUSE;7651;7858;7879;7965;8013;7922;7826;7730;7725;7678;7738
78576;SAINT-REMY-L'HONORE;1299;1384;1393;1393;1388;1384;1379;1359;1362;1430;1497
78586;SARTROUVILLE;50219;51600;51601;51447;51459;51150;51431;51713;51599;51747;52538
78588;SAULX-MARCHAIS;600;784;810;836;870;895;902;908;915;915;915
78590;SENLISSE;484;533;538;539;540;541;538;534;525;516;507
78591;SEPTEUIL;2046;2073;2083;2154;2177;2201;2225;2302;2334;2337;2341
78597;SOINDRES;610;594;595;595;596;597;608;628;649;669;672
78601;SONCHAMP;1485;1567;1575;1577;1577;1577;1589;1592;1607;1624;1641
78605;TACOIGNIERES;956;1023;1027;1028;1040;1049;1058;1047;1043;1039;1036
78606;LEŒæTARTRE-GAUDRAN;29;31;32;32;31;31;31;32;32;33;34
78608;LEŒæTERTRE-SAINT-DENIS;101;105;106;106;107;114;114;115;116;120;123
78609;TESSANCOURT-SUR-AUBETTE;920;953;943;947;947;947;947;949;964;982;999
78615;THIVERVAL-GRIGNON;773;1014;1012;1009;1011;1006;1030;1062;1095;1102;1100
78616;THOIRY;969;1120;1105;1117;1128;1139;1156;1159;1247;1334;1422
78618;TILLY;439;489;489;507;524;542;541;547;545;542;540
78620;TOUSSUS-LE-NOBLE;659;831;829;872;915;958;1006;1135;1151;1166;1182
78621;TRAPPES;28812;29529;29327;28541;28638;29380;29563;29774;30979;31854;32346
78623;LEŒæTREMBLAY-SUR-MAULDRE;813;931;984;971;958;969;979;956;936;917;928
78624;TRIEL-SUR-SEINE;11097;11834;11957;11932;11637;11598;11549;11431;11572;11973;11922
78638;VAUX-SUR-SEINE;4369;4745;4800;4852;4842;4813;4798;4782;4749;4715;4788
78640;VELIZY-VILLACOUBLAY;20342;20030;19994;19978;19883;20089;20711;21104;20997;20654;21090
78642;VERNEUIL-SUR-SEINE;14538;15408;15524;15431;15174;15178;15466;15290;15050;15024;15366
78643;VERNOUILLET;9471;9239;9356;9370;9398;9399;9401;9383;9698;9912;9963
78644;LAŒæVERRIERE;6053;6057;6125;6075;6034;5993;5924;5962;5978;5995;6011
78646;VERSAILLES;85726;87549;86979;86686;86477;86110;86307;85424;85272;85461;85771
78647;VERT;737;771;776;782;779;788;797;806;821;821;824
78650;LEŒæVESINET;15921;16419;16399;16339;16159;16249;15929;15901;15847;15929;15884
78653;VICQ;259;295;299;318;325;333;338;347;334;358;381
78655;VIEILLE-EGLISE-EN-YVELINES;742;763;782;801;820;811;803;777;752;726;714
78668;LAŒæVILLENEUVE-EN-CHEVRIE;534;555;551;559;563;568;572;577;584;601;618
78672;VILLENNES-SUR-SEINE;4790;5013;5045;5078;5070;5085;5103;5115;5127;5175;5174
78674;VILLEPREUX;9601;9859;9878;9887;9897;9871;9888;9927;9975;10024;10000
78677;VILLETTE;470;520;518;516;514;511;515;520;524;529;531
78681;VILLIERS-LE-MAHIEU;615;692;703;714;709;704;700;695;695;695;728
78683;VILLIERS-SAINT-FREDERIC;2386;2684;2718;2719;2738;2727;2728;2730;2721;2747;2764
78686;VIROFLAY;15211;16064;16000;16076;15909;15905;15723;15678;15734;15472;15738
78688;VOISINS-LE-BRETONNEUX;12153;12366;12153;12086;11910;11730;11631;11470;11464;11358;11378
91001;ABBEVILLE-LA-RIVIERE;262;292;289;285;282;283;279;291;296;301;301
91016;ANGERVILLE;3265;3384;3375;3392;3573;3753;3934;4137;4174;4183;4193
91017;ANGERVILLIERS;1381;1571;1598;1625;1638;1645;1644;1643;1642;1638;1624
91021;ARPAJON;9053;9668;9918;10174;10430;10574;10704;10832;10707;10582;10481
91022;ARRANCOURT;133;136;134;132;130;128;124;123;131;139;147
91027;ATHIS-MONS;29427;30615;30462;30647;30644;30393;29831;29482;30094;31434;32792
91035;AUTHON-LA-PLAINE;305;345;348;351;356;360;365;368;365;369;372
91037;AUVERNAUX;257;310;318;325;334;338;343;347;347;350;342
91038;AUVERS-SAINT-GEORGES;1059;1151;1165;1179;1200;1204;1237;1271;1304;1303;1305
91041;AVRAINVILLE;652;676;683;703;720;737;777;845;901;925;949
91044;BALLAINVILLIERS;2749;3589;3780;3815;3812;3795;3779;3914;4000;4178;4358
91045;BALLANCOURT-SUR-ESSONNE;6273;7123;7206;7260;7315;7399;7425;7454;7482;7509;7538
91047;BAULNE;1380;1362;1364;1345;1331;1316;1302;1306;1297;1304;1311
91064;BIEVRES;4034;4990;4982;4979;4823;4643;4462;4433;4483;4499;4564
91067;BLANDY;104;125;128;123;119;115;118;122;121;121;120
91069;BOIGNEVILLE;461;427;422;423;425;416;408;399;400;397;394
91075;BOIS-HERPIN;57;78;76;75;73;75;76;76;76;76;75
91079;BOISSY-LA-RIVIERE;455;500;507;521;542;551;559;568;573;591;569
91080;BOISSY-LE-CUTTE;1200;1294;1308;1319;1335;1324;1319;1314;1319;1312;1314
91081;BOISSY-LE-SEC;624;626;629;646;659;671;675;690;682;680;677
91085;BOISSY-SOUS-SAINT-YON;3566;3631;3641;3669;3743;3731;3713;3696;3736;3750;3784
91086;BONDOUFLE;9129;9477;9451;9370;9334;9298;9222;9152;9198;9132;9066
91093;BOULLAY-LES-TROUX;581;635;643;645;657;649;640;632;626;625;631
91095;BOURAY-SUR-JUINE;1867;1927;1926;1928;1931;1962;1990;2061;2131;2202;2207
91097;BOUSSY-SAINT-ANTOINE;6352;6653;6536;6430;6325;6292;6241;6489;6709;6928;7027
91098;BOUTERVILLIERS;293;324;328;333;365;366;379;388;398;424;427
91099;BOUTIGNY-SUR-ESSONNE;3002;3075;3085;3096;3120;3103;3061;3020;2979;2993;3047
91100;BOUVILLE;538;664;646;634;622;616;626;632;639;645;650
91103;BRETIGNY-SUR-ORGE;21650;22753;22837;22519;22691;23334;24264;25214;25624;25742;26215
91105;BREUILLET;7331;8044;8150;8255;8288;8319;8361;8408;8454;8419;8507
91106;BREUX-JOUY;1259;1235;1230;1228;1219;1216;1224;1233;1239;1250;1248
91109;BRIERES-LES-SCELLES;843;931;945;956;981;1026;1070;1115;1161;1185;1207
91111;BRIIS-SOUS-FORGES;3211;3342;3352;3361;3346;3364;3491;3551;3612;3638;3659
91112;BROUY;112;121;122;123;124;125;128;131;134;142;144
91114;BRUNOY;23617;25856;25981;25567;25339;25377;25492;25685;26066;26104;26077
91115;BRUYERES-LE-CHATEL;3013;3097;3077;3114;3150;3187;3389;3513;3445;3376;3308
91121;BUNO-BONNEVAUX;518;476;471;471;473;476;479;477;484;471;458
91122;BURES-SUR-YVETTE;9679;9713;9773;9691;9613;9535;9676;9726;9725;9708;9691
91129;CERNY;3066;3217;3225;3233;3248;3294;3310;3332;3353;3354;3319
91130;CHALO-SAINT-MARS;1094;1132;1137;1136;1133;1143;1152;1162;1165;1172;1133
91131;CHALOU-MOULINEUX;370;396;395;403;410;418;417;416;421;425;430
91132;CHAMARANDE;1016;1066;1071;1085;1075;1091;1111;1131;1143;1148;1141
91135;CHAMPCUEIL;2528;2732;2753;2774;2779;2790;2804;2828;2851;2852;2864
91136;CHAMPLAN;2458;2439;2444;2479;2503;2525;2596;2667;2668;2694;2832
91137;CHAMPMOTTEUX;241;308;345;360;368;376;384;385;385;379;373
91145;CHATIGNONVILLE;89;67;64;61;59;56;53;51;54;57;60
91148;CHAUFFOUR-LES-ETRECHY;119;130;131;132;133;135;138;140;140;143;140
91156;CHEPTAINVILLE;1462;1778;1824;1871;1910;1905;1901;1896;1905;1922;1968
91159;CHEVANNES;1400;1623;1655;1621;1595;1641;1686;1731;1726;1751;1721
91161;CHILLY-MAZARIN;17737;18639;18577;18417;18448;18484;18843;19213;19502;20018;20258
91174;CORBEIL-ESSONNES;39378;40929;41308;41666;42456;43086;44223;46017;47632;49373;50412
91175;CORBREUSE;1486;1643;1666;1689;1697;1703;1720;1738;1755;1768;1760
91179;LEŒæCOUDRAY-MONTCEAUX;2800;4070;4250;4430;4563;4708;4725;4728;4730;4792;4818
91180;COURANCES;352;348;348;347;348;352;350;348;346;342;345
91182;COURCOURONNES;13954;14409;14336;14101;14029;13812;13696;13602;13466;13265;13344
91184;COURDIMANCHE-SUR-ESSONNE;251;290;283;277;270;269;268;267;267;267;261
91186;COURSON-MONTELOUP;586;583;582;584;588;595;601;608;604;603;593
91191;CROSNE;8154;9034;9094;9087;9097;9143;9190;9191;9138;9048;9079
91195;DANNEMOIS;679;812;820;827;833;840;846;842;846;839;831
91198;D'HUISON-LONGUEVILLE;1232;1292;1327;1362;1397;1409;1406;1438;1471;1504;1500
91200;DOURDAN;9555;9518;9435;9625;9805;9984;10036;10168;10342;10507;10673
91201;DRAVEIL;28093;28736;28335;28716;28564;28491;28646;29063;28687;29132;29300
91204;ECHARCON;575;706;724;766;780;793;807;782;773;779;785
91207;EGLY;5321;5212;5240;5268;5296;5323;5314;5413;5494;5574;5590
91215;EPINAY-SOUS-SENART;12797;13144;12652;12560;12355;12171;12129;12434;12565;12526;12611
91216;EPINAY-SUR-ORGE;9399;10118;10261;10155;10129;10104;10349;10285;10499;10766;10992
91222;ESTOUCHES;182;209;208;207;206;207;208;220;231;243;246
91223;ETAMPES;21839;22568;22306;22205;22182;23158;24013;24320;24502;24503;24271
91225;ETIOLLES;2548;2982;3040;3098;3095;3073;3101;3135;3169;3281;3164
91226;ETRECHY;6104;6204;6219;6206;6273;6295;6318;6341;6492;6505;6517
91228;EVRY;49437;52651;52802;52500;52403;52135;52184;52349;53237;53699;53871
91232;LAŒæFERTE-ALAIS;3556;4024;4015;4006;3997;3985;3994;3982;3960;3939;3909
91235;FLEURY-MEROGIS;9074;9167;9141;9114;9107;9121;9110;9165;9219;9292;10180
91240;FONTAINE-LA-RIVIERE;172;199;203;207;206;203;212;223;234;245;251
91243;FONTENAY-LES-BRIIS;1707;1713;1713;1782;1832;1882;1881;1882;1921;1972;2022
91244;FONTENAY-LE-VICOMTE;884;1221;1298;1305;1264;1273;1282;1283;1280;1275;1244
91247;LAŒæFORET-LE-ROI;357;444;471;472;477;481;485;499;505;511;517
91248;LAŒæFORET-SAINTE-CROIX;111;141;145;152;154;155;157;159;161;164;163
91249;FORGES-LES-BAINS;3229;3651;3671;3691;3711;3723;3748;3754;3760;3766;3788
91272;GIF-SUR-YVETTE;21364;21816;21736;21248;20776;20654;20622;20346;20631;21129;21069
91273;GIRONVILLE-SUR-ESSONNE;641;764;776;787;798;806;814;803;793;782;774
91274;GOMETZ-LA-VILLE;986;1030;1190;1251;1313;1374;1387;1397;1421;1444;1468
91275;GOMETZ-LE-CHATEL;1847;2060;2091;2264;2426;2588;2622;2618;2593;2579;2565
91284;LESŒæGRANGES-LE-ROI;873;949;975;1000;1026;1067;1080;1119;1154;1189;1201
91286;GRIGNY;24512;25981;26637;27196;26860;26638;27179;27713;27716;28295;28424
91292;GUIBEVILLE;654;741;744;735;727;719;711;709;726;722;717
91293;GUIGNEVILLE-SUR-ESSONNE;746;971;975;954;934;926;923;939;953;966;968
91294;GUILLERVAL;708;748;745;745;755;766;776;796;807;810;814
91312;IGNY;9381;10184;10208;10177;10146;10336;10522;10573;10228;10058;10035
91315;ITTEVILLE;5354;6210;6325;6440;6509;6575;6568;6613;6659;6673;6676
91318;JANVILLE-SUR-JUINE;1788;1848;1855;1861;1851;1863;1902;1933;1964;1950;1948
91319;JANVRY;530;626;615;605;594;584;585;603;620;637;638
91326;JUVISY-SUR-ORGE;11937;13954;14153;14437;14347;14634;14924;15188;15545;16160;16365
91330;LARDY;4375;5694;5754;5662;5595;5528;5534;5578;5550;5524;5497
91332;LEUDEVILLE;1187;1281;1294;1311;1351;1374;1393;1411;1433;1442;1446
91333;LEUVILLE-SUR-ORGE;3761;4147;4208;4182;4141;4099;4094;4074;4176;4281;4387
91338;LIMOURS;6465;6283;6344;6400;6456;6459;6478;6560;6622;6683;6700
91339;LINAS;4970;6249;6290;6354;6418;6479;6519;6647;6707;6766;6874
91340;LISSES;7206;6911;6871;6830;7179;7173;7316;7447;7579;7650;7586
91345;LONGJUMEAU;19957;21048;21166;21365;21276;21361;21510;21739;21657;21725;21724
91347;LONGPONT-SUR-ORGE;5843;6580;6609;6683;6646;6561;6476;6585;6594;6503;6432
91359;MAISSE;2622;2647;2805;2746;2703;2661;2698;2703;2715;2726;2738
91363;MARCOUSSIS;7226;7647;7736;7729;7831;7909;7987;8007;8111;8127;8132
91374;MAROLLES-EN-BEAUCE;190;210;213;220;225;218;212;205;207;211;218
91376;MAROLLES-EN-HUREPOIX;4669;4731;4740;4734;4753;4812;4870;4928;5081;5145;5212
91377;MASSY;37712;40183;40386;40545;40523;42258;43006;43524;45902;48372;48363
91378;MAUCHAMPS;273;287;289;291;287;286;283;279;276;273;270
91386;MENNECY;12779;13325;13225;13227;13295;13395;13344;13127;13194;13659;13959
91390;MEREVILLE;3066;3160;3173;3187;3207;3221;3191;3160;3130;3160;3164
91393;MEROBERT;458;533;540;543;545;547;559;567;577;586;595
91399;MESPUITS;154;170;170;170;181;191;202;202;202;204;206
91405;MILLY-LA-FORET;4601;4728;4746;4738;4721;4741;4765;4788;4806;4785;4726
91408;MOIGNY-SUR-ECOLE;1283;1254;1252;1269;1286;1302;1300;1295;1284;1275;1265
91411;LESŒæMOLIERES;1654;1804;1825;1942;1950;1961;1971;1981;2006;2042;2000
91412;MONDEVILLE;688;657;667;666;673;680;687;690;706;708;710
91414;MONNERVILLE;351;390;395;400;402;401;400;399;399;400;394
91421;MONTGERON;21905;23105;22929;22712;22859;22880;22941;23281;23565;23617;23727
91425;MONTLHERY;5676;6374;6455;6535;6743;6840;7019;7201;7384;7512;7546
91432;MORANGIS;10611;11481;11511;11836;11891;12136;12592;12476;12456;12583;13026
91433;MORIGNY-CHAMPIGNY;3922;4172;4246;4322;4316;4311;4305;4321;4388;4381;4373
91434;MORSANG-SUR-ORGE;19335;21717;21165;21073;20875;20944;21043;21428;21377;21428;21423
91435;MORSANG-SUR-SEINE;380;502;512;491;500;510;524;529;535;541;547
91441;NAINVILLE-LES-ROCHES;457;498;443;445;446;454;463;463;463;463;455
91457;LAŒæNORVILLE;3944;3960;4009;4133;4101;4075;4048;4083;4107;4107;4099
91458;NOZAY;4275;4705;4723;4710;4696;4731;4736;4757;4778;4800;4780
91461;OLLAINVILLE;3896;4570;4565;4561;4545;4550;4560;4613;4665;4735;4714
91463;ONCY-SUR-ECOLE;878;931;939;946;950;958;973;987;1002;1010;1009
91468;ORMOY;1241;1685;1746;1773;1784;1858;1894;1929;1947;1988;1991
91469;ORMOY-LA-RIVIERE;943;936;950;947;944;941;943;933;933;934;929
91471;ORSAY;16236;16597;16411;16255;16238;15966;15903;15880;16153;16385;16530
91473;ORVEAU;183;205;205;203;200;197;196;192;194;195;197
91477;PALAISEAU;28965;30339;30149;30352;30311;30285;30316;30268;31264;32461;33114
91479;PARAY-VIEILLE-POSTE;7188;7198;7179;7160;7169;7111;7171;7230;7290;7378;7437
91482;PECQUEUSE;587;580;593;602;613;623;626;632;613;593;573
91494;LEŒæPLESSIS-PATE;2926;3886;3921;3970;4018;4036;4158;4096;4027;3958;3987
91495;PLESSIS-SAINT-BENOIST;273;306;307;307;307;308;308;309;311;316;317
91507;PRUNAY-SUR-ESSONNE;286;305;308;310;307;310;314;317;317;315;308
91508;PUISELET-LE-MARAIS;324;289;284;279;274;270;276;281;287;285;283
91511;PUSSAY;1726;1733;1790;1847;1904;1963;1982;2011;2038;2064;2165
91514;QUINCY-SOUS-SENART;7426;7616;7608;7714;7888;8048;8209;8303;8444;8606;8782
91519;RICHARVILLE;400;432;439;429;418;408;406;400;400;401;401
91521;RIS-ORANGIS;24436;26620;26691;27006;27339;27463;26988;26800;27312;27304;27797
91525;ROINVILLE;888;1168;1164;1190;1216;1242;1243;1256;1292;1327;1363
91526;ROINVILLIERS;61;74;76;88;92;92;91;91;90;91;96
91533;SACLAS;1664;1800;1798;1797;1795;1806;1805;1798;1790;1783;1782
91534;SACLAY;2883;3003;3013;3016;3052;3241;3439;3637;3788;3843;3905
91538;SAINT-AUBIN;694;648;641;657;686;690;695;699;698;694;697
91540;SAINT-CHERON;4444;4752;4796;4787;4785;4799;4817;4834;4849;4991;5018
91544;SAINT-CYR-LA-RIVIERE;427;488;491;494;498;501;505;500;496;503;510
91546;SAINT-CYR-SOUS-DOURDAN;951;992;997;1002;1007;1011;1007;1007;1006;1006;1003
91547;SAINT-ESCOBILLE;492;467;465;463;462;460;452;454;483;511;540
91549;SAINTE-GENEVIEVE-DES-BOIS;32125;34024;34411;34022;34054;34195;34771;35035;35868;35877;35857
91552;SAINT-GERMAIN-LES-ARPAJON;8227;9108;9146;9194;9353;9338;9324;9412;9624;9956;10282
91553;SAINT-GERMAIN-LES-CORBEIL;7051;7161;7177;7100;7106;7174;7242;7310;7473;7446;7462
91556;SAINT-HILAIRE;379;344;345;354;367;380;393;393;391;396;400
91560;SAINT-JEAN-DE-BEAUREGARD;283;275;275;277;277;278;279;284;289;330;370
91568;SAINT-MAURICE-MONTCOURONNE;1360;1549;1577;1604;1630;1641;1626;1611;1596;1584;1582
91570;SAINT-MICHEL-SUR-ORGE;20375;20041;20148;20163;20075;20046;20224;20188;20057;19896;20160
91573;SAINT-PIERRE-DU-PERRAY;5801;7733;7818;7844;8083;8350;8618;9370;9758;10151;10501
91577;SAINTRY-SUR-SEINE;4998;5052;5190;5154;5124;5093;5140;5193;5343;5498;5654
91578;SAINT-SULPICE-DE-FAVIERES;315;322;323;325;324;324;324;324;326;328;317
91579;SAINT-VRAIN;2800;2792;2791;2790;2788;2813;2850;2921;2991;3062;3060
91581;SAINT-YON;811;876;885;895;904;909;899;889;879;887;879
91587;SAULX-LES-CHARTREUX;4952;4862;4883;4942;4995;5048;5065;5128;5182;5181;5181
91589;SAVIGNY-SUR-ORGE;36258;37259;37469;37319;37092;36842;37132;37135;37206;37045;36262
91593;SERMAISE;1471;1611;1631;1651;1663;1680;1666;1657;1648;1652;1644
91599;SOISY-SUR-ECOLE;1321;1358;1372;1378;1367;1357;1346;1365;1367;1334;1301
91600;SOISY-SUR-SEINE;7072;7191;7200;7174;7150;7048;6922;6795;6947;6944;6996
91602;SOUZY-LA-BRICHE;432;384;375;373;372;382;393;403;403;402;411
91613;CONGERVILLE-THIONVILLE;225;221;221;220;217;222;227;232;232;231;228
91617;TIGERY;1257;1767;2062;2308;2532;2757;2918;3118;3244;3346;3449
91619;TORFOU;248;266;268;270;272;272;272;269;265;262;269
91629;VALPUISEAUX;514;603;610;617;618;619;620;617;616;614;612
91630;LEŒæVAL-SAINT-GERMAIN;1438;1455;1457;1470;1471;1460;1448;1437;1427;1418;1437
91631;VARENNES-JARCY;1907;2263;2314;2365;2387;2373;2360;2347;2334;2331;2315
91634;VAUGRIGNEUSE;1084;1203;1213;1234;1252;1269;1288;1304;1292;1283;1275
91635;VAUHALLAN;2058;2010;2004;1997;1982;1985;1969;1956;1943;1941;1931
91639;VAYRES-SUR-ESSONNE;810;891;900;910;892;893;893;893;900;897;913
91645;VERRIERES-LE-BUISSON;15923;15848;15805;15731;15543;15418;15534;15612;15709;15711;15592
91648;VERT-LE-GRAND;1911;2300;2356;2412;2408;2410;2404;2396;2389;2454;2426
91649;VERT-LE-PETIT;2422;2536;2530;2547;2591;2636;2682;2776;2780;2782;2781
91654;VIDELLES;560;634;644;655;657;660;647;633;619;610;601
91657;VIGNEUX-SUR-SEINE;25652;26333;26497;26991;27067;27331;28289;29963;31126;31074;30728
91659;VILLABE;4832;4856;4852;4847;4898;4869;5010;5168;5327;5380;5360
91661;VILLEBON-SUR-YVETTE;9373;9600;9637;9611;9536;9625;9742;9859;10344;10371;10455
91662;VILLECONIN;637;697;714;722;725;728;731;728;721;724;726
91665;LAŒæVILLE-DU-BOIS;5901;6825;6833;7194;7157;7138;7118;7187;7222;7294;7364
91666;VILLEJUST;1655;2059;2174;2189;2218;2247;2252;2268;2278;2290;2301
91667;VILLEMOISSON-SUR-ORGE;6878;6878;6879;6841;6924;6950;6977;7003;6950;6865;6909
91671;VILLENEUVE-SUR-AUVERS;601;628;621;614;607;600;598;592;603;608;613
91679;VILLIERS-LE-BACLE;1093;1156;1150;1151;1178;1204;1231;1245;1237;1241;1245
91685;VILLIERS-SUR-ORGE;3753;3804;3917;3910;3896;3891;3886;3911;4220;4329;4442
91687;VIRY-CHATILLON;30257;31252;31249;31681;31630;32045;31655;31221;31132;31350;30831
91689;WISSOUS;5160;5016;5112;5181;5250;5805;6093;6624;7143;7661;7687
91691;YERRES;27455;28572;28789;29041;28909;29050;28933;28784;28797;28934;28921
91692;LESŒæULIS;25785;24962;24528;24590;24691;24792;24641;24783;24914;24488;24764
92002;ANTONY;59855;60552;61761;61240;61393;61793;62012;61624;61727;61603;61711
92004;ASNIERES-SUR-SEINE;75837;82351;82056;81666;81603;82327;83376;83845;86020;86799;86512
92007;BAGNEUX;37252;38936;38592;38509;38495;38080;38002;38398;38520;38817;39487
92009;BOIS-COLOMBES;23885;27151;27600;27809;28153;29284;28927;28709;28561;28514;28043
92012;BOULOGNE-BILLANCOURT;106367;110251;111045;112233;113085;114205;116220;117126;116794;116927;117931
92014;BOURG-LA-REINE;18251;19521;19615;20015;19801;19985;19982;19872;19712;19881;20249
92019;CHATENAY-MALABRY;30621;31873;31946;31854;32386;32111;32083;32198;32623;33067;33330
92020;CHATILLON;28622;32077;32609;32510;32448;32619;33405;34960;35964;37089;37159
92022;CHAVILLE;17966;18581;18576;18126;18613;18668;18852;19343;19717;19619;20001
92023;CLAMART;48572;50655;51000;51407;52569;52546;52731;52408;52203;52457;52645
92024;CLICHY;50179;57162;58646;58388;58200;58916;59458;59240;59255;59783;60435
92025;COLOMBES;76757;82026;82552;83695;84572;85398;85102;85357;84577;84392;85199
92026;COURBEVOIE;69694;84415;84974;85054;86945;87469;88530;86854;85523;84658;83136
92032;FONTENAY-AUX-ROSES;23537;23964;24066;24131;23684;23351;23288;22866;22378;22946;23963
92033;GARCHES;18036;18210;18196;18157;18291;18169;18118;17818;17769;17662;17762
92035;LAŒæGARENNE-COLOMBES;24067;27188;27001;26699;27091;27628;28297;28371;28498;29072;29682
92036;GENNEVILLIERS;42513;43054;41960;41822;41400;41364;41930;42919;43219;43376;44551
92040;ISSY-LES-MOULINEAUX;52647;61471;62316;63297;64027;64355;65326;65322;65662;67360;69093
92044;LEVALLOIS-PERRET;54700;62851;63225;62995;63436;64253;64629;64654;65264;65374;64195
92046;MALAKOFF;29402;30509;30735;30909;30988;30982;30768;30420;30304;30428;29897
92047;MARNES-LA-COQUETTE;1519;1705;1696;1680;1663;1647;1659;1634;1673;1712;1751
92048;MEUDON;43663;44745;44873;44706;44717;45058;45010;45107;45043;45507;45317
92049;MONTROUGE;37733;45178;46500;46682;48410;48597;48710;48909;49656;48954;48991
92050;NANTERRE;84281;88316;88875;89556;89966;89185;89476;90722;92227;93509;93742
92051;NEUILLY-SUR-SEINE;59848;61471;60454;60341;60501;61754;61797;62021;62346;62075;60910
92060;LEŒæPLESSIS-ROBINSON;21618;23312;23242;24675;26581;27727;28113;28673;28500;28911;28974
92062;PUTEAUX;40780;42981;43994;44548;44892;44753;44683;44514;43891;44506;45146
92063;RUEIL-MALMAISON;73469;77625;78145;78112;79065;79426;79855;79563;79762;79204;78794
92064;SAINT-CLOUD;28157;29385;29542;29772;29726;29873;29194;29436;29109;29360;29362
92071;SCEAUX;19494;19413;19679;19625;19334;19638;19930;19986;19718;19520;19355
92072;SEVRES;22534;23726;23174;23122;22873;22978;23278;23572;23404;23206;23332
92073;SURESNES;39706;44197;44738;45617;46053;46723;46876;47263;48066;48526;48565
92075;VANVES;25414;26878;26886;26459;26505;27002;27022;27367;28170;27783;27806
92076;VAUCRESSON;8141;8547;8670;8636;8618;8615;8612;8611;8816;8747;8688
92077;VILLE-D'AVRAY;11415;11255;10956;10861;10717;10828;10733;11027;11266;11419;11422
92078;VILLENEUVE-LA-GARENNE;22349;24568;24516;24711;24944;25183;25644;25725;25466;25007;24433
93001;AUBERVILLIERS;63136;73506;73699;74528;74701;76087;75598;77032;77452;80273;83782
93005;AULNAY-SOUS-BOIS;80021;81600;82513;82188;82525;82120;81880;81899;82634;82314;83584
93006;BAGNOLET;32511;34069;34269;33960;33839;33883;34513;34920;35984;36010;35881
93007;LEŒæBLANC-MESNIL;46936;51109;50910;50668;51106;51438;51916;52213;52797;54227;55297
93008;BOBIGNY;44079;47806;48196;47726;48503;47492;47224;48496;49802;50479;51716
93010;BONDY;46826;53311;53159;53259;53448;53530;53051;52787;52865;53074;53439
93013;LEŒæBOURGET;12110;12720;12961;13610;14296;14864;14978;15139;15708;16028;16239
93014;CLICHY-SOUS-BOIS;28288;29412;29674;29127;29962;29750;29835;30720;30725;29933;30082
93015;COUBRON;4612;4651;4646;4676;4705;4733;4712;4668;4713;4751;4788
93027;LAŒæCOURNEUVE;35310;37034;37228;36915;37700;38007;38789;39859;40678;40874;41733
93029;DRANCY;62263;66063;65843;66194;66670;66410;66635;67181;68241;68955;69568
93030;DUGNY;8641;10603;10439;10483;10527;10656;10783;10493;10216;10420;10505
93031;EPINAY-SUR-SEINE;46409;51598;52020;52689;53777;54518;54540;55140;54857;55157;54840
93032;GAGNY;36715;37729;38220;38342;38765;39056;39378;39172;39276;39195;39603
93033;GOURNAY-SUR-MARNE;5925;6163;6196;6229;6387;6406;6485;6574;6663;6805;6852
93039;L'ILE-SAINT-DENIS;6810;7212;7083;7071;7017;7025;7037;6981;6982;7293;7539
93045;LESŒæLILAS;20226;22071;22324;22157;22439;22228;22505;22920;22819;22762;22964
93046;LIVRY-GARGAN;37288;41556;41893;41808;41206;41808;42036;42699;43099;43798;44415
93047;MONTFERMEIL;24121;26121;25824;24457;24722;25269;25963;26051;25945;25745;25725
93048;MONTREUIL;90674;101587;102097;102176;103192;102770;103068;103520;104139;104748;106691
93049;NEUILLY-PLAISANCE;18236;19952;20156;20304;20318;20508;20703;20755;20840;21005;21165
93050;NEUILLY-SUR-MARNE;32754;33352;33422;33198;33157;33498;34005;34658;34756;34955;34763
93051;NOISY-LE-GRAND;58217;61341;62529;63106;63405;62964;62970;62592;62834;64619;66213
93053;NOISY-LE-SEC;37312;38587;38802;38713;39270;39733;40232;40161;41125;42607;43390
93055;PANTIN;49919;53577;53315;52698;52161;54136;53797;53060;53471;54852;55180
93057;LESŒæPAVILLONS-SOUS-BOIS;18420;20204;20424;20721;21226;21746;22117;22331;22680;23135;23356
93059;PIERREFITTE-SUR-SEINE;25816;27532;28338;28871;28277;27883;28026;27925;28459;29324;29629
93061;LEŒæPRE-SAINT-GERVAIS;16377;17240;17244;17588;18121;18045;18075;18025;17908;17554;17680
93062;LEŒæRAINCY;12961;14130;13981;13622;13779;13828;13928;13993;14261;14400;14411
93063;ROMAINVILLE;23779;25199;25563;25621;25786;25771;25512;25411;25657;25631;26031
93064;ROSNY-SOUS-BOIS;39105;41174;41283;40843;40867;41050;41254;42080;43802;44448;44728
93066;SAINT-DENIS;85832;97875;100800;103742;105749;106785;107762;108274;109343;110733;111103
93070;SAINT-OUEN;39722;42950;43954;45595;46510;47189;47783;47499;47534;47432;48431
93071;SEVRAN;47063;51106;51110;50770;50021;49832;50053;49442;49465;50077;50480
93072;STAINS;32839;34670;34663;34608;33951;33829;34830;36155;36365;38022;39551
93073;TREMBLAY-EN-FRANCE;33885;35340;35410;35494;35036;34493;34452;34081;34614;34704;35381
93074;VAUJOURS;5570;6002;6047;6075;6273;6452;6643;6834;6828;6867;6909
93077;VILLEMOMBLE;26995;28339;28283;28169;28031;28006;28368;28664;29165;29500;29847
93078;VILLEPINTE;33782;35592;35444;35810;35740;35658;35850;35820;35329;35864;36514
93079;VILLETANEUSE;11376;11887;12378;12655;12818;12592;12642;12502;12451;12458;12658
94001;ABLON-SUR-SEINE;4867;5171;5155;5158;5161;5171;5221;5327;5388;5449;5527
94002;ALFORTVILLE;36232;42743;44116;44728;44278;44201;44550;44397;44818;45043;44410
94003;ARCUEIL;18061;19129;19592;19847;19548;19775;20100;19526;19746;20911;21516
94004;BOISSY-SAINT-LEGER;15289;16247;15894;15680;16248;16705;16354;16483;16399;16098;15922
94011;BONNEUIL-SUR-MARNE;15889;16361;16437;16541;16594;16513;16237;16439;16642;16940;16903
94015;BRY-SUR-MARNE;15000;14985;15183;15316;15309;15625;15987;16319;16423;16542;16594
94016;CACHAN;24838;27590;27383;27676;27786;28248;28404;28365;29462;29932;30433
94017;CHAMPIGNY-SUR-MARNE;74237;74863;74909;75142;75090;75510;75800;75869;75961;76450;76508
94018;CHARENTON-LE-PONT;26582;28395;28414;28571;28844;29348;29562;30148;30408;30774;30722
94019;CHENNEVIERES-SUR-MARNE;17837;17651;17313;17698;18083;18049;17963;18304;18134;18078;18226
94021;CHEVILLY-LARUE;18149;18622;19152;19042;18707;18498;18532;18786;18894;19151;19169
94022;CHOISY-LE-ROI;34336;36198;37165;38153;39400;40905;41355;41507;42769;43405;43846
94028;CRETEIL;82154;88939;89410;89304;89359;89985;90528;89845;89989;91042;90739
94033;FONTENAY-SOUS-BOIS;50921;51727;52143;52848;53258;53145;52723;52998;53124;53272;53649
94034;FRESNES;25213;25575;25115;25043;25390;26248;26371;26419;26645;26808;27154
94037;GENTILLY;16118;17034;17103;17362;17476;17097;16892;16623;16427;16358;16967
94038;L'HAY-LES-ROSES;29660;30428;29357;29496;29785;30201;30574;31168;31201;30772;30736
94041;IVRY-SUR-SEINE;50972;55608;55583;56679;57254;57732;58185;58579;58933;59793;59572
94042;JOINVILLE-LE-PONT;17117;17177;17303;17368;17607;17802;17953;18020;18124;18410;18859
94043;LEŒæKREMLIN-BICETRE;23724;25567;25859;26104;26368;26046;26131;26119;25863;25661;25640
94044;LIMEIL-BREVANNES;17529;18957;18657;18768;19052;19901;20663;21103;22816;24927;25639
94046;MAISONS-ALFORT;51103;53233;53085;52852;52619;52943;53265;54186;54470;54841;54915
94047;MANDRES-LES-ROSES;4117;4285;4307;4342;4378;4413;4415;4407;4431;4455;4479
94048;MAROLLES-EN-BRIE;5191;5090;5073;5057;5000;4968;4916;4861;4806;4777;4772
94052;NOGENT-SUR-MARNE;28191;30632;30912;30852;30956;31637;31795;30884;31367;31292;31550
94053;NOISEAU;3971;4324;4375;4426;4662;4669;4679;4689;4699;4671;4709
94054;ORLY;20470;21197;21117;20940;20874;21395;21312;21628;22377;22603;23272
94055;ORMESSON-SUR-MARNE;9793;9868;9864;9878;9891;9904;9921;9945;10016;10089;10161
94056;PERIGNY;2020;2231;2232;2229;2270;2311;2352;2485;2487;2545;2604
94058;LEŒæPERREUX-SUR-MARNE;30080;32067;32100;32250;32194;32520;33214;33248;33480;33720;33970
94059;LEŒæPLESSIS-TREVISE;16656;17710;18246;18503;18876;19194;19095;18976;19157;19732;20102
94060;LAŒæQUEUE-EN-BRIE;10852;11388;11392;11439;11315;11381;11506;11733;12008;11888;11905
94065;RUNGIS;5424;5644;5618;5618;5642;5662;5681;5691;5621;5651;5631
94067;SAINT-MANDE;19697;22211;22737;22518;22627;22396;22292;21846;22398;22275;22401
94068;SAINT-MAUR-DES-FOSSES;73069;75214;75748;75724;75251;74816;74818;74176;74133;75285;75168
94069;SAINT-MAURICE;12748;14547;14596;14558;14439;14512;14586;14870;14927;14874;14574
94070;SANTENY;3140;3550;3610;3675;3676;3724;3688;3651;3640;3644;3640
94071;SUCY-EN-BRIE;24812;26261;26070;26089;25927;25820;25655;25900;25849;25853;26264
94073;THIAIS;28232;29315;29273;29616;29472;29653;29229;29422;29280;28812;28942
94074;VALENTON;11426;12105;12294;12222;12215;12081;11940;12231;12819;13346;14393
94075;VILLECRESNES;8361;9190;9295;9401;9507;9598;9712;9708;9674;9641;9684
94076;VILLEJUIF;47384;50571;51410;53240;55250;55490;55923;56504;57184;57781;56661
94077;VILLENEUVE-LE-ROI;18292;18531;18503;18457;18495;18479;18610;19782;20481;19870;20732
94078;VILLENEUVE-SAINT-GEORGES;28361;30450;30609;30820;31013;32239;32767;32994;32575;32976;32626
94079;VILLIERS-SUR-MARNE;26632;29369;28158;27457;27322;27338;27222;27737;28190;28278;28511
94080;VINCENNES;43595;47488;47372;48118;48689;48471;48649;49831;49695;49136;49461
94081;VITRY-SUR-SEINE;78908;82902;83650;84071;85380;85413;86375;88102;90075;91188;92531
95002;ABLEIGES;957;941;946;945;944;943;933;933;1002;1071;1140
95008;AINCOURT;657;885;913;940;967;972;967;953;939;925;934
95011;AMBLEVILLE;350;349;352;375;397;420;424;430;414;398;382
95012;AMENUCOURT;173;189;183;180;189;198;207;206;208;210;211
95014;ANDILLY;2013;2402;2449;2470;2528;2524;2520;2530;2557;2539;2572
95018;ARGENTEUIL;93961;102683;102572;103250;102844;103125;104282;104962;106817;108865;110388
95019;ARNOUVILLE-LES-GONESSE;12291;12833;13215;13230;13321;13538;13737;13979;14122;14297;14178
95023;ARRONVILLE;610;669;667;666;665;664;656;659;663;666;668
95024;ARTHIES;258;281;284;288;292;301;304;297;291;284;284
95026;ASNIERES-SUR-OISE;2479;2495;2541;2532;2530;2527;2531;2544;2577;2620;2662
95028;ATTAINVILLE;1732;1808;1819;1822;1836;1831;1825;1820;1783;1788;1759
95039;AUVERS-SUR-OISE;6820;6956;6917;6879;6840;6792;6789;6846;6894;6943;6964
95040;AVERNES;776;810;817;813;809;805;827;822;808;793;779
95042;BAILLET-EN-FRANCE;1710;1815;1868;1922;1975;1955;2001;2020;2026;2031;2014
95046;BANTHELU;138;115;117;120;122;124;125;132;138;145;150
95051;BEAUCHAMP;8986;8869;8843;8817;8777;8737;8713;8753;8792;8733;8703
95052;BEAUMONT-SUR-OISE;8390;8776;8825;8873;8977;8954;9228;9418;9607;9663;9699
95054;LEŒæBELLAY-EN-VEXIN;258;254;250;247;243;244;248;248;247;246;244
95055;BELLEFONTAINE;485;468;464;453;443;432;433;434;450;466;482
95056;BELLOY-EN-FRANCE;1536;1784;1819;1836;1864;1937;2017;2098;2115;2162;2165
95058;BERNES-SUR-OISE;2220;2352;2363;2371;2371;2378;2389;2399;2600;2655;2669
95059;BERVILLE;366;339;335;329;328;332;335;339;343;342;345
95060;BESSANCOURT;6999;7281;7231;7219;7217;6994;6811;6629;6591;6582;6811
95061;BETHEMONT-LA-FORET;451;428;425;418;416;420;425;429;434;435;428
95063;BEZONS;26263;27652;27892;28023;28012;27987;28330;28172;27855;28431;28674
95074;BOISEMONT;690;722;726;733;740;747;746;775;773;771;769
95078;BOISSY-L'AILLERIE;1668;1750;1762;1784;1780;1774;1769;1794;1822;1817;1813
95088;BONNEUIL-EN-FRANCE;774;730;711;707;710;713;712;723;825;930;1034
95091;BOUFFEMONT;5701;5607;5701;5800;5898;5940;5942;6022;6099;6177;6205
95094;BOUQUEVAL;293;303;309;316;322;329;338;332;325;319;313
95101;BRAY-ET-LU;753;911;933;956;971;977;971;965;959;975;950
95102;BREANCON;332;376;381;378;374;371;362;360;365;371;376
95110;BRIGNANCOURT;205;209;209;210;198;204;202;200;198;196;198
95116;BRUYERES-SUR-OISE;3391;3248;3297;3429;3565;3700;3761;3976;4078;4157;4237
95119;BUHY;267;290;295;299;303;307;310;315;317;320;322
95120;BUTRY-SUR-OISE;1969;1987;1974;1963;1994;2026;2057;2213;2241;2250;2257
95127;CERGY;54781;56873;57600;56108;57247;56988;58341;60528;61708;62979;63395
95134;CHAMPAGNE-SUR-OISE;3889;4404;4451;4600;4628;4657;4685;4692;4717;4821;4925
95139;LAŒæCHAPELLE-EN-VEXIN;320;321;322;324;326;331;331;331;331;331;333
95141;CHARMONT;32;30;30;30;28;28;27;27;27;27;30
95142;CHARS;1721;1766;1772;1777;1783;1811;1862;1935;2008;2081;2106
95144;CHATENAY-EN-FRANCE;61;64;64;65;67;69;71;73;75;74;69
95149;CHAUMONTEL;3250;3280;3275;3270;3265;3289;3298;3317;3320;3324;3305
95150;CHAUSSY;602;647;650;646;639;633;627;615;616;608;599
95151;CHAUVRY;279;288;289;296;299;301;304;306;307;308;305
95154;CHENNEVIERES-LES-LOUVRES;218;306;319;331;338;344;336;329;321;317;308
95157;CHERENCE;143;150;151;152;147;149;153;158;162;161;161
95166;CLERY-EN-VEXIN;411;411;410;410;409;405;404;410;416;422;436
95169;COMMENY;375;374;374;383;373;379;384;390;413;430;448
95170;CONDECOURT;486;531;537;535;536;545;557;568;576;586;576
95176;CORMEILLES-EN-PARISIS;19643;21503;21824;22403;22587;23038;23497;23369;23419;23818;23661
95177;CORMEILLES-EN-VEXIN;863;974;977;1023;1068;1112;1133;1186;1231;1291;1350
95181;COURCELLES-SUR-VIOSNE;275;288;291;296;301;306;307;308;299;291;282
95183;COURDIMANCHE;5895;6428;6505;6581;6543;6495;6533;6572;6610;6637;6677
95197;DEUIL-LA-BARRE;20160;21230;21425;21684;21676;21509;21638;21983;22031;21963;22085
95199;DOMONT;14883;14785;14755;14563;14612;14827;14996;15213;15339;15240;15343
95203;EAUBONNE;22882;23640;23541;23795;23878;24062;24300;24714;24606;24393;24609
95205;ECOUEN;7084;7347;7383;7380;7406;7374;7313;7253;7263;7230;7196
95210;ENGHIEN-LES-BAINS;10368;12121;12199;12115;11903;11809;11560;11410;11332;11188;11413
95211;ENNERY;2036;2127;2137;2248;2220;2244;2268;2293;2377;2389;2416
95212;EPIAIS-LES-LOUVRES;60;74;76;77;78;88;98;108;113;116;113
95213;EPIAIS-RHUS;636;621;623;630;638;645;649;652;644;636;628
95214;EPINAY-CHAMPLATREUX;75;69;67;66;67;67;68;69;68;67;66
95218;ERAGNY;15568;16383;16416;16577;16729;16886;16912;16914;16704;16496;16585
95219;ERMONT;27494;28074;27670;27661;27625;27446;27304;27352;28021;28925;28832
95229;EZANVILLE;8825;8951;9113;9064;9022;8979;9262;9316;9438;9561;9684
95241;FONTENAY-EN-PARISIS;1710;1912;1925;1954;1931;1912;1894;1899;1921;1935;1949
95250;FOSSES;9998;9738;9701;9663;9598;9565;9574;9582;9591;9554;9566
95252;FRANCONVILLE;33497;32988;32932;33214;33276;33097;33512;33196;33375;34014;34920
95253;FREMAINVILLE;477;480;481;482;483;490;492;486;480;474;470
95254;FREMECOURT;464;539;544;544;543;543;539;552;554;556;558
95256;FREPILLON;2262;2577;2605;2668;2731;2795;2820;2860;3016;3163;3310
95257;LAŒæFRETTE-SUR-SEINE;4378;4476;4520;4555;4564;4569;4574;4572;4617;4625;4647
95258;FROUVILLE;373;372;372;373;373;369;364;367;369;372;365
95259;GADANCOURT;76;101;104;104;105;99;93;87;86;84;83
95268;GARGES-LES-GONESSE;40058;39672;39098;39640;40215;40012;39730;41001;41782;41962;42501
95270;GENAINVILLE;490;531;535;542;549;557;564;552;546;545;545
95271;GENICOURT;544;520;509;503;496;489;490;485;498;511;524
95277;GONESSE;24721;26152;26262;26498;26361;26356;26516;26343;26075;26020;26142
95280;GOUSSAINVILLE;27356;30142;30310;30567;30990;30996;31129;31255;31212;31442;31025
95282;GOUZANGREZ;171;160;162;167;170;173;176;176;176;173;171
95287;GRISY-LES-PLATRES;556;587;593;589;598;607;617;606;600;632;663
95288;GROSLAY;7385;8011;8075;8367;8413;8460;8620;8676;8706;8654;8601
95295;GUIRY-EN-VEXIN;175;164;163;161;156;154;159;165;171;176;176
95298;HARAVILLIERS;460;502;512;521;530;539;548;552;552;552;552
95301;HAUTE-ISLE;296;333;339;332;326;319;314;311;301;290;279
95303;LEŒæHEAULME;187;185;184;186;185;191;198;204;200;205;207
95304;HEDOUVILLE;283;277;276;267;259;250;246;242;253;264;275
95306;HERBLAY;23083;25824;26137;25984;25763;26016;26422;26944;27378;27692;28341
95308;HEROUVILLE;598;568;580;593;605;610;607;609;610;612;616
95309;HODENT;267;262;266;268;259;250;241;238;235;229;224
95313;L'ISLE-ADAM;11163;11231;11466;11394;11575;11744;11880;11918;11976;11804;12249
95316;JAGNY-SOUS-BOIS;224;257;259;261;258;254;250;250;249;252;255
95323;JOUY-LE-MOUTIER;17804;17102;16923;16657;16656;16589;16376;16371;16300;16098;15971
95328;LABBEVILLE;489;505;526;546;567;569;567;580;593;606;606
95331;LASSY;180;164;172;179;186;187;185;181;178;174;171
95341;LIVILLIERS;367;352;353;351;376;381;386;384;386;393;390
95348;LONGUESSE;511;527;524;527;529;530;532;529;531;533;534
95351;LOUVRES;8797;8896;8905;8974;8975;9339;9553;9767;9949;10136;10231
95352;LUZARCHES;3899;4103;4084;4152;4220;4289;4362;4401;4449;4492;4536
95353;MAFFLIERS;1370;1614;1620;1631;1642;1664;1691;1702;1713;1725;1849
95355;MAGNY-EN-VEXIN;5656;5430;5508;5586;5663;5752;5858;5763;5668;5574;5594
95365;MAREIL-EN-FRANCE;498;576;609;642;675;694;700;698;695;693;690
95369;MARGENCY;2587;2824;2857;2890;2869;2852;2872;2893;2913;2914;2944
95370;MARINES;2925;3165;3199;3232;3211;3254;3313;3373;3433;3464;3525
95371;MARLY-LA-VILLE;5696;5567;5549;5530;5497;5472;5502;5531;5561;5630;5716
95379;MAUDETOUR-EN-VEXIN;177;195;195;194;196;197;199;193;201;198;194
95387;MENOUVILLE;84;80;79;83;86;90;91;104;91;78;65
95388;MENUCOURT;5084;5182;5167;5134;5210;5287;5363;5332;5339;5428;5518
95392;MERIEL;4062;4376;4370;4391;4417;4443;4756;4765;4859;4957;5056
95394;MERY-SUR-OISE;8929;9178;9190;9412;9396;9260;9290;9320;9237;9233;9531
95395;LEŒæMESNIL-AUBRY;757;962;945;934;924;912;897;908;917;927;925
95409;MOISSELLES;962;1096;1114;1133;1219;1255;1256;1258;1259;1431;1424
95422;MONTGEROULT;411;423;425;427;428;426;416;405;395;408;395
95424;MONTIGNY-LES-CORMEILLES;17183;18935;18526;18891;18654;19041;19442;20018;20307;21116;20789
95426;MONTLIGNON;2427;2505;2516;2527;2566;2561;2607;2653;2699;2710;3008
95427;MONTMAGNY;13090;13956;14037;14112;14169;14250;14003;13814;13864;13757;13466
95428;MONTMORENCY;20599;21416;21381;21438;21429;21194;20945;20842;20796;20866;21258
95429;MONTREUIL-SUR-EPTE;350;438;441;444;443;443;442;437;436;431;427
95430;MONTSOULT;3519;3492;3474;3445;3416;3396;3393;3396;3414;3431;3414
95436;MOURS;1475;1410;1401;1381;1364;1352;1340;1328;1354;1439;1495
95438;MOUSSY;113;147;158;156;153;151;145;145;140;136;131
95445;NERVILLE-LA-FORET;749;813;735;697;660;653;642;680;683;686;682
95446;NESLES-LA-VALLEE;1829;1841;1843;1833;1831;1820;1808;1796;1799;1780;1801
95447;NEUILLY-EN-VEXIN;210;210;210;210;202;203;199;194;190;189;184
95450;NEUVILLE-SUR-OISE;1433;1560;1569;1579;1588;2014;1994;2004;2013;2022;2036
95452;NOINTEL;754;718;723;727;731;833;846;833;819;806;798
95456;NOISY-SUR-OISE;667;699;703;694;690;688;688;688;682;673;674
95459;NUCOURT;779;774;768;760;747;735;722;733;731;726;722
95462;OMERVILLE;337;305;300;303;297;301;306;311;309;310;313
95476;OSNY;14309;15996;15945;15939;15965;16236;16333;16366;16441;17090;17183
95480;PARMAIN;5274;5397;5462;5488;5509;5531;5553;5547;5573;5595;5618
95483;LEŒæPERCHAY;476;504;508;534;539;548;556;565;563;566;558
95487;PERSAN;9600;10138;10250;10352;10424;10498;10790;11233;11809;12444;12590
95488;PIERRELAYE;6923;7322;7635;7778;7920;7958;8012;8218;8186;8155;8160
95489;PISCOP;632;682;688;707;701;714;725;736;724;726;705
95491;LEŒæPLESSIS-BOUCHARD;7006;7666;7623;7663;7696;7730;7763;7840;8040;8103;8167
95492;LEŒæPLESSIS-GASSOT;74;77;82;82;77;73;69;71;68;70;71
95493;LEŒæPLESSIS-LUZARCHES;140;133;132;131;131;131;135;140;144;144;147
95500;PONTOISE;27494;28674;29148;29710;29817;29548;29885;30164;29826;29766;30487
95504;PRESLES;3728;3815;3827;3846;3832;3788;3745;3701;3713;3703;3771
95509;PUISEUX-EN-FRANCE;2929;3414;3444;3394;3344;3294;3277;3262;3305;3349;3392
95510;PUISEUX-PONTOISE;422;471;474;472;473;433;422;410;406;406;486
95523;LAŒæROCHE-GUYON;550;468;464;452;447;454;458;461;463;446;464
95527;ROISSY-EN-FRANCE;2367;2564;2537;2517;2631;2750;2869;2816;2833;2854;2877
95529;RONQUEROLLES;742;830;843;853;855;858;860;860;857;864;870
95535;SAGY;1127;1140;1159;1169;1164;1160;1155;1162;1150;1137;1124
95539;SAINT-BRICE-SOUS-FORET;12540;13696;13914;14306;14220;14320;14361;14333;14393;14795;14808
95541;SAINT-CLAIR-SUR-EPTE;801;869;857;885;909;934;958;973;978;981;984
95543;SAINT-CYR-EN-ARTHIES;226;231;232;232;229;228;231;235;239;242;247
95554;SAINT-GERVAIS;893;953;956;960;963;958;961;959;956;954;948
95555;SAINT-GRATIEN;19226;21436;20588;20287;20258;20156;20453;20937;20933;20996;20827
95563;SAINT-LEU-LA-FORET;15127;14586;14667;14669;14783;14766;14800;14748;15082;15072;15419
95566;SAINT-MARTIN-DU-TERTRE;2346;2395;2381;2449;2518;2586;2649;2668;2688;2708;2729
95572;SAINT-OUEN-L'AUMONE;19660;22681;22876;23238;23459;23608;23731;23470;23702;24439;24498
95574;SAINT-PRIX;6767;7214;7245;7446;7374;7308;7243;7214;7171;7181;7191
95580;SAINT-WITZ;1925;2565;2562;2558;2554;2566;2603;2552;2497;2442;2415
95582;SANNOIS;25349;25939;25975;25914;25856;26090;26707;26559;26557;26826;27002
95584;SANTEUIL;578;601;604;594;582;603;623;644;649;647;656
95585;SARCELLES;57871;58654;59594;59221;59421;58614;58398;57499;57533;56828;57412
95592;SERAINCOURT;1261;1381;1369;1356;1344;1332;1320;1312;1306;1299;1305
95594;SEUGY;1049;1049;1056;1049;1042;1035;1030;1021;1015;1008;1002
95598;SOISY-SOUS-MONTMORENCY;16802;17483;17419;17449;17222;17428;17531;17534;17637;18092;18113
95604;SURVILLIERS;3654;3703;3710;3727;3723;3833;3943;4053;4037;4106;4128
95607;TAVERNY;25909;26436;26228;26349;26134;26144;26195;26094;25998;25875;26077
95610;THEMERICOURT;229;259;263;266;259;264;268;273;278;278;284
95611;THEUVILLE;59;35;32;30;30;28;27;25;24;24;31
95612;LEŒæTHILLAY;3665;3969;4011;4079;4093;4118;4124;4130;4166;4154;4298
95625;US;1253;1251;1274;1296;1317;1318;1327;1334;1323;1312;1310
95627;VALLANGOUJARD;635;651;653;663;638;634;634;633;643;636;628
95628;VALMONDOIS;1213;1234;1236;1225;1215;1204;1207;1195;1200;1204;1208
95633;VAUDHERLAND;88;92;91;90;89;90;79;79;78;78;79
95637;VAUREAL;16206;15316;15674;15749;16059;16180;16223;15868;15705;15853;16221
95641;VEMARS;2058;2033;2030;2075;2208;2205;2201;2198;2321;2359;2396
95651;VETHEUIL;858;862;870;878;886;887;901;883;866;849;839
95652;VIARMES;4681;4765;4767;4741;4886;4985;5084;5230;5269;5238;5213
95656;VIENNE-EN-ARTHIES;352;386;394;401;409;417;417;425;432;440;434
95658;VIGNY;1036;1083;1086;1084;1081;1077;1072;1065;1080;1077;1079
95660;VILLAINES-SOUS-BOIS;583;649;659;668;672;671;682;692;703;718;764
95675;VILLERON;702;709;715;722;728;811;844;815;787;758;755
95676;VILLERS-EN-ARTHIES;426;466;465;464;463;461;470;481;492;503;508
95678;VILLIERS-ADAM;775;795;801;812;828;828;828;830;843;838;851
95680;VILLIERS-LE-BEL;26145;27130;27091;26988;27013;26736;27428;27496;27312;27571;27564
95682;VILLIERS-LE-SEC;168;151;160;168;176;176;182;180;179;177;179
95690;WY-DIT-JOLI-VILLAGE;307;329;335;340;332;327;322;316;309;318;326